-- phpMyAdmin SQL Dump
-- version 4.9.7
-- https://www.phpmyadmin.net/
--
-- Servidor: localhost:3306
-- Tiempo de generación: 22-11-2021 a las 11:24:55
-- Versión del servidor: 10.2.40-MariaDB-cll-lve
-- Versión de PHP: 7.3.32

SET SQL_MODE = "NO_AUTO_VALUE_ON_ZERO";
SET AUTOCOMMIT = 0;
START TRANSACTION;
SET time_zone = "+00:00";


/*!40101 SET @OLD_CHARACTER_SET_CLIENT=@@CHARACTER_SET_CLIENT */;
/*!40101 SET @OLD_CHARACTER_SET_RESULTS=@@CHARACTER_SET_RESULTS */;
/*!40101 SET @OLD_COLLATION_CONNECTION=@@COLLATION_CONNECTION */;
/*!40101 SET NAMES utf8mb4 */;

--
-- Base de datos: `peradkco_ecommerce`
--

-- --------------------------------------------------------

--
-- Estructura de tabla para la tabla `administrator`
--

CREATE TABLE `administrator` (
  `idadministrator` int(11) NOT NULL,
  `password_admin` varchar(100) NOT NULL,
  `name_admin` varchar(45) NOT NULL,
  `surname_admin` varchar(45) NOT NULL,
  `image_admin` varchar(45) NOT NULL
) ENGINE=InnoDB DEFAULT CHARSET=utf8mb4;

--
-- Volcado de datos para la tabla `administrator`
--

INSERT INTO `administrator` (`idadministrator`, `password_admin`, `name_admin`, `surname_admin`, `image_admin`) VALUES
(60268339, '72005988', 'Ruth Katerine', 'Lizcano Cruz', 'sin-image.jpg'),
(1007191095, '1007191095', 'Didier Alexis', 'Bueno Jerez', 'sin-image.jpg'),
(1038213105, 'dani2301', 'Maira Daniela', 'Naranjo', 'sin-image.jpg'),
(1065819477, 'agudelo', 'Camila Andrea', 'Agudelo Amaris', '1065819477.jpeg'),
(1090480430, 'peraerika33', 'Erika', 'Castellanos', '1090480430.jpeg'),
(1094264786, '1094heizel', 'Heizel Katherine', 'Rojas Lemus', 'sin-image.jpg'),
(1094264883, 'espinel1094', 'Farley Viviana', 'Espinel Florez', 'sin-image.jpg'),
(1094267309, '1409', 'Leidy Katherine', 'Wilches Castellanos', 'sin-imge.jpg'),
(1094267384, '070910', 'Julieth Tatiana', 'Blanco Fernandez', 'sin-image.jpg'),
(1094272298, '5122***gh5hftfghjggh', 'Diana Marcela', 'Portilla Portilla', 'sin-image.jpg'),
(1094273146, '1094viviana', 'Katherin Viviana', 'Suarez Bueno', 'sin-image.jpg'),
(1094273780, '3219317037', 'Wilfredy', 'Leal Mantilla', '1094273780.jpeg'),
(1094275558, '95081025178', 'Karem Dayana', 'Meneses Parra', '1094275558.jpeg'),
(1094275574, '1094yurley', 'Yurley Catherine', 'Bautista Leal', 'sin-image.jpg'),
(1094277168, '1094277168', 'Lesly Thatiana', 'Bautista Leal', 'sin-image.jpg'),
(1094278049, 'maria1094', 'María del Pilar', 'Esquivel Rangel', 'sin-image.jpg'),
(1094279189, 'diana1094', 'Diana Carolina', 'Florez Lizcano', 'sin-image.jpg'),
(1094280366, 'fabianteamo', 'Eliana Yorely', 'Galvis Gonzalez', '1094280366.jpeg'),
(1094280765, '989806', 'Laura Dayana', 'Jaimes Gamboa', 'sin-image.jpg'),
(1094282004, '212546saddasd', 'Farid Camilo', 'Basto Leal', 'sin-image.jpg'),
(1094283417, 'jakeline1094', 'Alexandra Jakeline', 'Becerra Sandoval', 'sin-image.jpg'),
(1098823092, '1098823092fs', 'Fabian', 'Suarez', 'sin-image.jpg'),
(1214732931, '1214732931', 'Xiomara', 'Palacio Arteaga', 'sin-image.jpg');

-- --------------------------------------------------------

--
-- Estructura de tabla para la tabla `administrator_has_permission`
--

CREATE TABLE `administrator_has_permission` (
  `administrator_idadministrator` int(11) NOT NULL,
  `permission_idpermission` int(11) NOT NULL,
  `date_permission` varchar(45) NOT NULL,
  `active_permission` int(11) NOT NULL
) ENGINE=InnoDB DEFAULT CHARSET=utf8mb4;

--
-- Volcado de datos para la tabla `administrator_has_permission`
--

INSERT INTO `administrator_has_permission` (`administrator_idadministrator`, `permission_idpermission`, `date_permission`, `active_permission`) VALUES
(60268339, 1, '2021-05-24', 1),
(60268339, 5, '2021-04-27', 1),
(60268339, 6, '2021-04-27', 1),
(60268339, 9, '2021-04-28', 1),
(1007191095, 1, '2021-05-24', 1),
(1007191095, 5, '2021-04-27', 1),
(1007191095, 6, '2021-04-27', 1),
(1007191095, 9, '2021-04-28', 1),
(1038213105, 1, '2021-05-24', 1),
(1038213105, 5, '2021-04-29', 1),
(1038213105, 6, '2021-04-29', 1),
(1038213105, 9, '2021-04-29', 1),
(1065819477, 1, '2021-05-24', 1),
(1065819477, 5, '2021-04-27', 1),
(1065819477, 6, '2021-04-27', 1),
(1065819477, 9, '2021-04-28', 1),
(1090480430, 1, '2021-05-24', 1),
(1090480430, 5, '2021-04-27', 1),
(1090480430, 6, '2021-04-27', 1),
(1090480430, 9, '2021-04-28', 1),
(1094264786, 1, '2021-10-25', 1),
(1094264786, 6, '2021-10-25', 1),
(1094264786, 9, '2021-10-25', 1),
(1094264883, 1, '2021-07-21', 1),
(1094264883, 5, '2021-07-21', 1),
(1094264883, 6, '2021-07-21', 1),
(1094264883, 7, '2021-07-28', 1),
(1094264883, 9, '2021-07-21', 1),
(1094267309, 1, '2021-07-08', 1),
(1094267309, 5, '2021-07-08', 1),
(1094267309, 6, '2021-07-08', 1),
(1094267309, 7, '2021-07-08', 1),
(1094267384, 1, '2021-07-28', 1),
(1094267384, 5, '2021-07-28', 1),
(1094267384, 6, '2021-07-28', 1),
(1094267384, 7, '2021-07-28', 1),
(1094267384, 9, '2021-07-28', 1),
(1094272298, 1, '2021-05-24', 0),
(1094272298, 5, '2021-04-27', 1),
(1094272298, 6, '2021-04-27', 1),
(1094272298, 9, '2021-04-28', 1),
(1094273146, 1, '2021-10-25', 1),
(1094273146, 6, '2021-10-25', 1),
(1094273146, 9, '2021-10-25', 1),
(1094273780, 1, '2021-05-24', 1),
(1094273780, 2, '2021-11-11', 1),
(1094273780, 3, '2021-11-11', 1),
(1094273780, 4, '2021-11-11', 1),
(1094273780, 5, '2021-04-27', 1),
(1094273780, 6, '2021-04-27', 1),
(1094273780, 9, '2021-04-28', 1),
(1094275558, 1, '2021-05-24', 1),
(1094275558, 5, '2021-04-27', 1),
(1094275558, 6, '2021-04-27', 1),
(1094275558, 9, '2021-04-28', 1),
(1094275574, 1, '2021-07-21', 1),
(1094275574, 5, '2021-07-21', 1),
(1094275574, 6, '2021-07-21', 1),
(1094275574, 9, '2021-07-21', 1),
(1094277168, 1, '2021-09-10', 1),
(1094277168, 6, '2021-09-10', 1),
(1094277168, 9, '2021-09-10', 1),
(1094278049, 1, '2021-05-24', 1),
(1094278049, 5, '2021-04-27', 1),
(1094278049, 6, '2021-04-27', 1),
(1094278049, 9, '2021-04-28', 1),
(1094279189, 1, '2021-07-08', 1),
(1094279189, 5, '2021-07-08', 1),
(1094279189, 6, '2021-07-08', 1),
(1094279189, 7, '2021-07-08', 1),
(1094279189, 9, '2021-07-08', 1),
(1094280366, 1, '2021-05-24', 1),
(1094280366, 2, '2021-04-27', 1),
(1094280366, 5, '2021-04-27', 1),
(1094280366, 6, '2021-04-27', 1),
(1094280366, 7, '2021-04-27', 1),
(1094280366, 9, '2021-04-28', 1),
(1094280366, 10, '2021-04-28', 1),
(1094280765, 1, '2021-05-24', 1),
(1094280765, 5, '2021-04-27', 1),
(1094280765, 6, '2021-04-27', 1),
(1094280765, 9, '2021-04-28', 1),
(1094282004, 1, '2021-05-24', 1),
(1094282004, 5, '2021-05-04', 1),
(1094282004, 6, '2021-05-04', 1),
(1094282004, 9, '2021-05-04', 1),
(1094283417, 1, '2021-06-24', 1),
(1094283417, 6, '2021-06-24', 1),
(1094283417, 7, '2021-07-28', 1),
(1094283417, 9, '2021-06-24', 1),
(1098823092, 1, '2021-05-24', 1),
(1098823092, 2, '2021-04-27', 1),
(1098823092, 3, '2021-04-27', 1),
(1098823092, 4, '2021-04-27', 1),
(1098823092, 5, '2021-04-27', 1),
(1098823092, 6, '2021-04-27', 1),
(1098823092, 7, '2021-04-27', 1),
(1098823092, 8, '2021-04-28', 1),
(1098823092, 9, '2021-04-28', 1),
(1098823092, 10, '2021-04-28', 1),
(1098823092, 11, '2021-06-28', 1),
(1098823092, 12, '2021-06-28', 1),
(1214732931, 1, '2021-11-04', 1),
(1214732931, 6, '2021-11-04', 1),
(1214732931, 9, '2021-11-04', 1);

-- --------------------------------------------------------

--
-- Estructura de tabla para la tabla `category`
--

CREATE TABLE `category` (
  `idcategory` int(11) NOT NULL,
  `name_category` varchar(45) NOT NULL,
  `price_category` double NOT NULL,
  `description_category` varchar(100) NOT NULL,
  `image_category` varchar(100) NOT NULL,
  `creationdate_category` varchar(45) NOT NULL,
  `route_category` varchar(45) NOT NULL
) ENGINE=InnoDB DEFAULT CHARSET=utf8;

--
-- Volcado de datos para la tabla `category`
--

INSERT INTO `category` (`idcategory`, `name_category`, `price_category`, `description_category`, `image_category`, `creationdate_category`, `route_category`) VALUES
(1, 'Clásicas', 70000, '', 'Clasica Mujer.jpg', '2021-01-06', 'clasicas'),
(2, 'Plataforma', 80000, '', 'Plataforma Mujer.jpg', '2021-01-06', 'plataformas'),
(3, 'Body Manga Sisa', 57000, '', 'Body Sisa.jpg', '2021-01-06', 'bodysisas'),
(4, 'Body Manga Larga', 70000, '', 'Body Manga Larga.jpg', '2021-01-06', 'bodylargas'),
(5, 'Medias Dama', 25000, '', 'Medias Dama.jpg', '2021-01-06', 'medias'),
(6, 'Rizos', 25000, '', 'Rizos.jpg', '2021-01-06', 'rizos'),
(7, 'Pantaloneta', 70000, '', 'Pantaloneta.jpg', '2021-01-06', 'pantaloneta'),
(8, 'Deportivos', 80000, '', 'Deportivos.jpg', '2021-01-06', 'deportivos'),
(9, 'Leggings', 70000, '', 'Leggings.jpg', '2021-01-06', 'leggings'),
(10, 'Jeans', 80000, '', 'Jeans.jpg', '2021-01-06', 'jeans'),
(11, 'Bikinis', 70000, '', 'Bikinis.jpg', '2021-01-06', 'bikinis'),
(12, 'Camisetas Mujer', 48000, '', 'Camisetas Mujer.jpg', '2021-01-06', ''),
(13, 'Enterizos', 80000, '', 'Enterizos.jpg', '2021-01-06', 'enterizos'),
(14, 'Tapabocas', 8000, '', 'Tapabocas.jpg', '2021-01-06', 'tapabocas'),
(15, 'Pijama', 52000, '', 'Pijama.jpg', '2021-01-06', 'pijamas'),
(16, 'Body Cuello Tortuga', 70000, '', 'cuellotortuga.png', '2021-02-24', 'bodycuellotortuga'),
(18, 'Medias Caballero', 22000, '', 'Medias Caballero.jpg', '2021-01-06', ''),
(19, 'Leggings Cuerina', 70000, '', 'cuerina.jpeg', '2021-03-08', ''),
(20, 'Bicicletero Cuerina', 70000, '', 'cuerina.jpeg', '2021-03-08', ''),
(21, 'Falda Cuerina', 70000, '', 'cuerina.jpeg', '2021-03-08', ''),
(22, 'Busos Hombre', 55000, '', 'Busos Hombre', '2021-03-16', 'busos'),
(23, 'Camisetas Kids', 45000, '', '', '2021-05-13', 'kids'),
(100, 'Clasi Especiales', 75000, '', 'Clasi Especiales.jpg', '2021-01-06', ''),
(120, 'Camisetas Hombre', 48000, '', 'Camisetas Hombre.jpg', '2021-01-06', ''),
(200, 'Plata Especiales', 87000, '', 'Plata Especiales.jpg', '2021-01-06', '');

-- --------------------------------------------------------

--
-- Estructura de tabla para la tabla `category_has_size`
--

CREATE TABLE `category_has_size` (
  `category_idcategory` int(11) NOT NULL,
  `size_idsize` varchar(45) NOT NULL
) ENGINE=InnoDB DEFAULT CHARSET=utf8;

--
-- Volcado de datos para la tabla `category_has_size`
--

INSERT INTO `category_has_size` (`category_idcategory`, `size_idsize`) VALUES
(1, '19'),
(1, '20'),
(1, '21'),
(1, '22'),
(1, '23'),
(1, '24'),
(1, '25'),
(1, '26'),
(1, '27'),
(1, '28'),
(1, '29'),
(1, '30'),
(1, '31'),
(1, '32'),
(1, '33'),
(1, '34'),
(1, '35'),
(1, '36'),
(1, '37'),
(1, '38'),
(1, '39'),
(1, '40'),
(1, '41'),
(1, '42'),
(1, '43'),
(1, '44'),
(1, '45'),
(2, '34'),
(2, '35'),
(2, '36'),
(2, '37'),
(2, '38'),
(2, '39'),
(2, '40'),
(2, '41'),
(2, '42'),
(3, '0'),
(3, '10'),
(3, '12'),
(3, '14'),
(3, '16'),
(3, '2'),
(3, '4'),
(3, '6'),
(3, '8'),
(3, 'L'),
(3, 'M'),
(3, 'S'),
(3, 'XL'),
(3, 'XS'),
(3, 'XXL'),
(3, 'XXXL'),
(4, '0'),
(4, '10'),
(4, '12'),
(4, '14'),
(4, '16'),
(4, '2'),
(4, '4'),
(4, '6'),
(4, '8'),
(4, 'L'),
(4, 'M'),
(4, 'S'),
(4, 'XL'),
(4, 'XS'),
(4, 'XXL'),
(4, 'XXXL'),
(7, '0'),
(7, '10'),
(7, '12'),
(7, '14'),
(7, '16'),
(7, '2'),
(7, '4'),
(7, '6'),
(7, '8'),
(7, 'L'),
(7, 'M'),
(7, 'S'),
(7, 'XL'),
(7, 'XS'),
(7, 'XXL'),
(7, 'XXXL'),
(9, '10'),
(9, '12'),
(9, '14'),
(9, '16'),
(9, '4'),
(9, '6'),
(9, '8'),
(12, 'L'),
(12, 'M'),
(12, 'S'),
(12, 'XL'),
(12, 'XS'),
(12, 'XXL'),
(12, 'XXXL'),
(14, 'GRANDE'),
(14, 'MEDIANA'),
(14, 'PEQUENO'),
(15, 'L'),
(15, 'M'),
(15, 'S'),
(15, 'XL'),
(15, 'XS'),
(15, 'XXL'),
(15, 'XXXL'),
(16, 'L'),
(16, 'M'),
(16, 'S'),
(16, 'XL'),
(16, 'XS'),
(16, 'XXL'),
(16, 'XXXL'),
(19, '10'),
(19, '12'),
(19, '14'),
(19, '16'),
(19, '4'),
(19, '6'),
(19, '8'),
(20, '10'),
(20, '12'),
(20, '14'),
(20, '16'),
(20, '4'),
(20, '6'),
(20, '8'),
(21, '10'),
(21, '12'),
(21, '14'),
(21, '16'),
(21, '4'),
(21, '6'),
(21, '8'),
(22, 'L'),
(22, 'M'),
(22, 'S'),
(22, 'XL'),
(22, 'XS'),
(22, 'XXL'),
(22, 'XXXL'),
(23, '0'),
(23, '10'),
(23, '12'),
(23, '14'),
(23, '16'),
(23, '2'),
(23, '4'),
(23, '6'),
(23, '8'),
(100, '19'),
(100, '20'),
(100, '21'),
(100, '22'),
(100, '23'),
(100, '24'),
(100, '25'),
(100, '26'),
(100, '27'),
(100, '28'),
(100, '29'),
(100, '30'),
(100, '31'),
(100, '32'),
(100, '33'),
(100, '34'),
(100, '35'),
(100, '36'),
(100, '37'),
(100, '38'),
(100, '39'),
(100, '40'),
(100, '41'),
(100, '42'),
(100, '43'),
(100, '44'),
(100, '45'),
(120, 'L'),
(120, 'M'),
(120, 'S'),
(120, 'XL'),
(120, 'XS'),
(120, 'XXL'),
(120, 'XXXL'),
(200, '34'),
(200, '35'),
(200, '36'),
(200, '37'),
(200, '38'),
(200, '39'),
(200, '40'),
(200, '41'),
(200, '42');

-- --------------------------------------------------------

--
-- Estructura de tabla para la tabla `city`
--

CREATE TABLE `city` (
  `idcity` int(11) NOT NULL,
  `name_city` varchar(100) NOT NULL,
  `department_city` int(11) NOT NULL
) ENGINE=InnoDB DEFAULT CHARSET=latin1;

--
-- Volcado de datos para la tabla `city`
--

INSERT INTO `city` (`idcity`, `name_city`, `department_city`) VALUES
(1, 'ACACIAS', 23),
(2, 'ACAPULCO', 29),
(3, 'ACEVEDO', 20),
(4, 'AGUA DE DIOS', 17),
(5, 'AGUACHICA', 12),
(6, 'AGUADAS', 8),
(7, 'AGUAS CLARAS', 25),
(8, 'AGUAZUL', 10),
(9, 'AIPE', 20),
(10, 'ALBAN', 17),
(11, 'ALBANIA', 21),
(12, 'ALBANIA (S)', 29),
(13, 'ALDANA', 24),
(14, 'ALGECIRAS', 20),
(15, 'ALTAMIRA', 20),
(16, 'ALTO POMPEYA', 23),
(17, 'ALVARADO', 31),
(18, 'AMAGA', 2),
(19, 'AMALFI', 2),
(20, 'AMBALEMA', 31),
(21, 'ANAPOIMA', 17),
(22, 'ANDALUCIA', 32),
(23, 'ANDES', 2),
(24, 'ANOLAIMA', 17),
(25, 'ANSERMA', 8),
(26, 'ANSERMA NUEVO', 32),
(27, 'ANZOATEGUI', 31),
(28, 'APARTADO', 2),
(29, 'APIA', 28),
(30, 'APIAY', 23),
(31, 'APULO', 17),
(32, 'AQUITANIA', 7),
(33, 'ARACATACA', 22),
(34, 'ARANZAZU', 8),
(35, 'ARATOCA', 29),
(36, 'ARAUCA', 3),
(37, 'ARAUQUITA', 3),
(38, 'ARBELAEZ', 17),
(39, 'ARBOLEDAS', 25),
(40, 'ARBOLETES', 2),
(41, 'ARCABUCO', 7),
(42, 'ARGELIA (A)', 2),
(43, 'ARGELIA (V)', 32),
(44, 'ARJONA B', 6),
(45, 'ARMENIA (Q)', 27),
(46, 'ARMERO', 31),
(47, 'Armero', 31),
(48, 'ATACO', 31),
(49, 'AYAPEL', 16),
(50, 'BALBOA', 28),
(51, 'BARANOA', 5),
(52, 'BARAYA', 20),
(53, 'BARBOSA', 2),
(54, 'BARBOSA', 29),
(55, 'BARICHARA', 29),
(56, 'BARRANCA DE UPIA', 23),
(57, 'BARRANCABERMEJA', 29),
(58, 'BARRANCAS', 21),
(59, 'BARRANQUILLA', 5),
(60, 'BAYUNCA', 6),
(61, 'BECERRIL', 12),
(62, 'BELALCAZAR (CL)', 8),
(63, 'BELEN', 7),
(64, 'BELEN DE LOS ANDAQUIES', 9),
(65, 'BELEN DE UMBRIA', 28),
(66, 'BELLO', 2),
(67, 'BERBEO', 7),
(68, 'BETULIA', 29),
(69, 'BOAVITA', 7),
(70, 'BOCHALEMA', 25),
(71, 'BOGOTA', 17),
(72, 'BOJACA', 17),
(73, 'BOLIVAR (C)', 11),
(74, 'BOLIVAR (V)', 32),
(75, 'BOLIVIA', 8),
(76, 'BORRERO AYERBE', 32),
(77, 'BOSCONIA', 12),
(78, 'BRICE?O', 17),
(79, 'BUCARAMANGA', 29),
(80, 'BUENAVENTURA', 32),
(81, 'BUENAVISTA', 7),
(82, 'BUENAVISTA', 27),
(83, 'BUENAVISTA (COR)', 16),
(84, 'BUENOS AIRES', 31),
(85, 'BUESACO', 24),
(86, 'BUGA', 32),
(87, 'BUGALAGRANDE', 32),
(88, 'BUSBANZA', 7),
(89, 'CABRERA', 17),
(90, 'CABUYARO', 23),
(91, 'CACHIPAY', 17),
(92, 'CACHIRA', 25),
(93, 'CAICEDO', 2),
(94, 'CAICEDONIA', 32),
(95, 'CAJAMARCA', 31),
(96, 'CAJIBIO', 11),
(97, 'CAJICA', 17),
(98, 'CALARCA', 27),
(99, 'CALDAS', 2),
(100, 'CALI', 32),
(101, 'CALOTO', 11),
(102, 'CAMPO DOS', 25),
(103, 'CAMPOALEGRE', 20),
(104, 'CANALETE', 16),
(105, 'CANDELARIA', 5),
(106, 'CANDELARIA', 32),
(107, 'CANTAGALLO', 6),
(108, 'CAPARRAPI', 17),
(109, 'CAPITANEJO', 29),
(110, 'CAQUEZA', 17),
(111, 'CARACOLI', 2),
(112, 'CAREPA', 2),
(113, 'CARMEN DE APICALA', 31),
(114, 'CARMEN DE CARUPA', 17),
(115, 'CAROLINA', 2),
(116, 'CARRILLO', 16),
(117, 'CARTAGENA', 6),
(118, 'CARTAGENA DEL CHAIRA', 9),
(119, 'CARTAGO', 32),
(120, 'CASABE - YONDO', 2),
(121, 'CASABIANCA', 31),
(122, 'CASCAJAL', 6),
(123, 'CASTILLA LA NUEVA', 23),
(124, 'CATAMBUCO', 24),
(125, 'CAUCASIA', 2),
(126, 'CERETE', 16),
(127, 'CERRITO', 2),
(128, 'CHAGUANI', 17),
(129, 'CHAPARRAL', 31),
(130, 'CHARALA', 29),
(131, 'CHIA', 17),
(132, 'CHICORAL', 31),
(133, 'CHIGORODO', 2),
(134, 'CHIMA (C)', 16),
(135, 'CHIMICHAGUA', 12),
(136, 'CHINACOTA', 25),
(137, 'CHINAUTA', 17),
(138, 'CHINAVITA', 7),
(139, 'CHINCHINA', 8),
(140, 'CHINU', 16),
(141, 'CHIPAQUE', 17),
(142, 'CHIQUINQUIRA', 7),
(143, 'CHIRIGUANA', 12),
(144, 'CHISCAS', 7),
(145, 'CHITA', 7),
(146, 'CHITARAQUE', 7),
(147, 'CHIVATA', 7),
(148, 'CHIVOR', 7),
(149, 'CHOACHI', 17),
(150, 'CHOCONTA', 17),
(151, 'CIENEGA', 7),
(152, 'CIMITARRA', 29),
(153, 'CIRCASIA', 27),
(154, 'CITE', 29),
(155, 'CIUDAD BOLIVAR', 2),
(156, 'COCORNA', 2),
(157, 'COLOMBIA', 20),
(158, 'COMBITA', 7),
(159, 'CONCEPCION', 2),
(160, 'CONCEPCION', 29),
(161, 'CONFINES', 29),
(162, 'CONTRATACION', 29),
(163, 'CONVENCION', 25),
(164, 'COPACABANA', 2),
(165, 'CORINTO', 11),
(166, 'COROMORO', 29),
(167, 'COROZAL', 30),
(168, 'COTA', 17),
(169, 'COTORRA', 16),
(170, 'COTORRA (I)', 16),
(171, 'COVE?AS', 30),
(172, 'COYAIMA', 31),
(173, 'CUBARA', 7),
(174, 'CUBARRAL', 23),
(175, 'CUCAITA', 7),
(176, 'CUCUNUBA', 17),
(177, 'CUCUTA', 25),
(178, 'CUMARAL', 23),
(179, 'CUMBAL', 24),
(180, 'CUNDAY', 31),
(181, 'CURILLO', 9),
(182, 'CURITI', 29),
(183, 'CURRULAO', 2),
(184, 'CURUMANI', 12),
(185, 'DAGUA', 32),
(186, 'DARIEN (CALIMA)', 32),
(187, 'DARIEN (CALIMA)', 32),
(188, 'DISTRACCION', 21),
(189, 'DOLORES', 31),
(190, 'DON MATIAS ', 2),
(191, 'DORADAL', 2),
(192, 'DOSQUEBRADAS', 28),
(193, 'DUITAMA', 7),
(194, 'DURANIA', 25),
(195, 'EL AGUILA', 32),
(196, 'EL BAGRE', 2),
(197, 'EL BANCO', 22),
(198, 'EL CAIMO', 27),
(199, 'EL CAIRO', 32),
(200, 'EL CARMEN DE BOLIVAR', 6),
(201, 'EL CARMEN DE CHUCURI', 29),
(202, 'EL CARMEN DE VIBORAL', 2),
(203, 'EL CASTILLO', 23),
(204, 'EL CENTRO', 29),
(205, 'EL CERRITO', 32),
(206, 'EL COCUY', 7),
(207, 'EL COLEGIO (MESITAS)', 17),
(208, 'EL COPEY', 12),
(209, 'EL DONCELLO', 9),
(210, 'EL DORADO', 23),
(211, 'EL DOVIO', 32),
(212, 'EL ESPINO', 7),
(213, 'EL JUNCAL', 14),
(214, 'EL MOLINO', 21),
(215, 'EL PASO', 12),
(216, 'EL PAUJIL', 9),
(217, 'EL PLACER (V)', 32),
(218, 'EL PLAYON', 29),
(219, 'EL PORVENIR (C)', 16),
(220, 'EL ROSAL', 17),
(221, 'EL ZULIA', 25),
(222, 'ELIAS', 20),
(223, 'ENCINO', 29),
(224, 'ENCISO', 29),
(225, 'ENTRERRIOS', 2),
(226, 'ENVIGADO', 2),
(227, 'ESPINAL', 31),
(228, 'FACATATIVA', 17),
(229, 'FILADELFIA', 8),
(230, 'FILANDIA', 27),
(231, 'FIRAVITOBA', 7),
(232, 'FLANDES', 31),
(233, 'FLORENCIA', 9),
(234, 'FLORENCIA', 11),
(235, 'FLORIDA', 32),
(236, 'FLORIDABLANCA', 29),
(237, 'FOMEQUE', 17),
(238, 'FONSECA', 21),
(239, 'FORTUL', 3),
(240, 'FOSCA', 17),
(241, 'FREDONIA', 2),
(242, 'FUENTE DE ORO', 23),
(243, 'FUNDACION', 22),
(244, 'FUNZA', 17),
(245, 'FUSAGASUGA', 17),
(246, 'GACHALA', 17),
(247, 'GACHETA', 17),
(248, 'GAIRA', 22),
(249, 'GALAPA', 5),
(250, 'GALERAS', 30),
(251, 'GAMA', 17),
(252, 'GAMARRA', 12),
(253, 'GAMBITA', 29),
(254, 'GARAGOA', 7),
(255, 'GARZON', 20),
(256, 'GENOVA (Q)', 27),
(257, 'GIGANTE', 20),
(258, 'GINEBRA', 32),
(259, 'GIRARDOT', 17),
(260, 'GIRARDOTA', 2),
(261, 'GIRON', 29),
(262, 'GOMEZ PLATA', 2),
(263, 'GRANADA', 2),
(264, 'GRANADA (M)', 23),
(265, 'GUACA', 29),
(266, 'GUACAMAYAS', 7),
(267, 'GUACARI', 32),
(268, 'GUACHUCAL', 24),
(269, 'GUADALUPE', 2),
(270, 'GUADALUPE', 20),
(271, 'GUADALUPE', 29),
(272, 'GUADUAS', 17),
(273, 'GUAMAL', 23),
(274, 'GUAMO', 31),
(275, 'GUARNE', 2),
(276, 'GUASCA', 17),
(277, 'GUATEQUE', 7),
(278, 'GUATICA', 28),
(279, 'GUAYABAL DE SIQUIMA', 17),
(280, 'GUAYABETAL', 17),
(281, 'GUAYATA', 7),
(282, 'GUEPSA', 29),
(283, 'GUICAN', 7),
(284, 'HATO COROZAL', 10),
(285, 'HATONUEVO', 21),
(286, 'HERVEO', 31),
(287, 'HOBO', 20),
(288, 'HONDA', 31),
(289, 'IBAGUE', 31),
(290, 'ICONONZO', 31),
(291, 'IMUES', 24),
(292, 'IPIALES', 24),
(293, 'IQUIRA', 20),
(294, 'IRRA', 28),
(295, 'ISTMINA', 15),
(296, 'ITAGUI', 2),
(297, 'JAMUNDI', 32),
(298, 'JARDIN', 2),
(299, 'JENESANO', 7),
(300, 'JERICO', 2),
(301, 'JUAN DE ACOSTA', 5),
(302, 'JUNIN', 17),
(303, 'LA APARTADA Y LA FRONTERA', 16),
(304, 'LA ARGENTINA', 20),
(305, 'LA CALERA', 17),
(306, 'LA CEJA', 2),
(307, 'LA CELIA', 28),
(308, 'LA DONJUANA', 25),
(309, 'LA DORADA', 8),
(310, 'LA ESPERANZA', 25),
(311, 'LA ESTRELLA', 2),
(312, 'LA FLORIDA', 17),
(313, 'LA GLORIA', 12),
(314, 'LA GRAN VIA', 22),
(315, 'LA HORMIGA', 26),
(316, 'LA LLANADA', 24),
(317, 'LA LOMA', 12),
(318, 'LA MACARENA', 23),
(319, 'LA MATA', 14),
(320, 'LA MERCED', 8),
(321, 'LA MESA', 17),
(322, 'LA MINA', 21),
(323, 'LA MONTA?ITA', 9),
(324, 'LA PAILA', 32),
(325, 'LA PALMERA', 23),
(326, 'LA PAZ', 12),
(327, 'LA PAZ', 29),
(328, 'LA PLATA', 20),
(329, 'LA SIERRA', 2),
(330, 'LA SIERRA', 11),
(331, 'LA SIERRA', 14),
(332, 'LA TEBAIDA', 27),
(333, 'LA UNION', 24),
(334, 'LA UNION (V)', 32),
(335, 'LA VEGA', 25),
(336, 'LA VICTORIA (V)', 32),
(337, 'LA VIRGINIA', 28),
(338, 'LABRANZAGRANDE', 7),
(339, 'LANDAZURI', 29),
(340, 'LAS VEGAS', 13),
(341, 'LEBRIJA', 29),
(342, 'LEGUIZAMO', 26),
(343, 'LEJANIAS', 23),
(344, 'LENGUAZAQUE', 17),
(345, 'LERIDA', 31),
(346, 'LETICIA', 1),
(347, 'LIBANO', 31),
(348, 'LORICA', 16),
(349, 'LOS CORDOBAS', 16),
(350, 'LOS LAURELES', 29),
(351, 'LOS PATIOS', 25),
(352, 'LOS SANTOS', 29),
(353, 'MACHETA', 17),
(354, 'MADRID', 17),
(355, 'MAGANGUE', 6),
(356, 'MAHATES', 6),
(357, 'MAICAO', 21),
(358, 'MALAGA', 29),
(359, 'MALAGANA', 6),
(360, 'MALAMBO', 5),
(361, 'MANAURE (C)', 14),
(362, 'MANI', 10),
(363, 'MANIZALES', 8),
(364, 'MANZANARES', 8),
(365, 'MAPIRIPAN', 23),
(366, 'MARIA LA BAJA B', 6),
(367, 'MARINILLA', 2),
(368, 'MARIPI', 7),
(369, 'MARIQUITA', 31),
(370, 'MARIQUITA', 31),
(371, 'MARQUETALIA', 8),
(372, 'MARSELLA', 28),
(373, 'MEDELLIN', 2),
(374, 'MEDINA', 17),
(375, 'MELGAR', 31),
(376, 'MESETAS', 23),
(377, 'MINA DRUMOND PRIBBENOW', 14),
(378, 'MIRAFLORES', 7),
(379, 'MIRAFLORES', 19),
(380, 'MISTRATO', 28),
(381, 'MOCOA', 26),
(382, 'MOGOTES', 29),
(383, 'MOLAGAVITA', 29),
(384, 'MOMIL', 16),
(385, 'MOMPOS', 6),
(386, 'MONGUA', 7),
(387, 'MONGUI', 7),
(388, 'MONIQUIRA', 7),
(389, 'MONTELIBANO', 16),
(390, 'MONTENEGRO', 27),
(391, 'MONTERIA', 16),
(392, 'MONTERREY', 10),
(393, 'MO?ITOS', 16),
(394, 'MORALES (B)', 6),
(395, 'MOSQUERA', 17),
(396, 'MOSQUERA', 24),
(397, 'MUTATA', 2),
(398, 'MUZO', 7),
(399, 'NARI?O', 2),
(400, 'NATAGAIMA', 31),
(401, 'NEIRA', 8),
(402, 'NEIVA', 20),
(403, 'NEMOCON', 17),
(404, 'NILO', 17),
(405, 'NOBSA', 7),
(406, 'NOCAIMA', 17),
(407, 'NORCASIA', 8),
(408, 'NUEVA COLONIA', 2),
(409, 'NUEVA GRANADA (M)', 22),
(410, 'NUEVO COLON', 7),
(411, 'NUNCHIA', 10),
(412, 'OBANDO', 32),
(413, 'OCAMONTE', 29),
(414, 'OCA?A', 25),
(415, 'OIBA', 29),
(416, 'OICATA', 7),
(417, 'OLAYA HERRERA', 24),
(418, 'OLIVAL', 29),
(419, 'ONZAGA', 29),
(420, 'OPORAPA', 20),
(421, 'ORITO', 26),
(422, 'OROCUE', 10),
(423, 'ORTEGA', 31),
(424, 'OTANCHE', 7),
(425, 'OVEJAS', 30),
(426, 'PACHAQUIARO', 23),
(427, 'PACHAVITA', 7),
(428, 'PACHO', 17),
(429, 'PACORA', 8),
(430, 'PAEZ', 7),
(431, 'PAICOL', 20),
(432, 'PAILITAS', 12),
(433, 'PAIPA', 7),
(434, 'PAJARITO', 7),
(435, 'PALERMO', 20),
(436, 'PALESTINA', 8),
(437, 'PALESTINA', 20),
(438, 'PALMIRA', 32),
(439, 'PALMITO', 30),
(440, 'PALOCABILDO', 31),
(441, 'PALOMINO', 21),
(442, 'PAMPLONA', 25),
(443, 'PANDI', 17),
(444, 'PARAGUACHON', 21),
(445, 'PARAMO', 29),
(446, 'PARATEBUENO', 17),
(447, 'PASACABALLOS', 6),
(448, 'PASO CUSIANA', 10),
(449, 'PASTO', 24),
(450, 'PAUNA', 7),
(451, 'PAZ DE ARIPORO', 10),
(452, 'PAZ DE RIO', 7),
(453, 'PEDRAZA', 22),
(454, 'PELAYA', 12),
(455, 'PENSILVANIA', 8),
(456, 'PEREIRA', 28),
(457, 'PESCA', 7),
(458, 'PIEDECUESTA', 29),
(459, 'PIEDRAS', 31),
(460, 'PIENDAMO', 11),
(461, 'PINCHOTE', 29),
(462, 'PITAL', 20),
(463, 'PITALITO', 20),
(464, 'PIVIJAY', 22),
(465, 'PLANADAS', 31),
(466, 'PLANETA RICA', 16),
(467, 'POPAYAN', 11),
(468, 'PRADERA', 32),
(469, 'PRADO', 31),
(470, 'PUEBLO BELLO', 12),
(471, 'PUEBLO NUEVO', 16),
(472, 'PUEBLO RICO', 28),
(473, 'PUEBLO TAPADO', 27),
(474, 'PUENTE DE PIEDRA', 17),
(475, 'PUENTE NACIONAL', 29),
(476, 'PUENTE QUETAME', 17),
(477, 'PUERTO ARAUJO', 29),
(478, 'PUERTO ASIS', 26),
(479, 'PUERTO BERRIO', 2),
(480, 'PUERTO BOYACA', 7),
(481, 'PUERTO CAICEDO', 26),
(482, 'PUERTO CARRE?O', 33),
(483, 'PUERTO COLOMBIA', 5),
(484, 'PUERTO CONCORDIA', 23),
(485, 'PUERTO ESCONDIDO', 16),
(486, 'PUERTO GAITAN', 23),
(487, 'PUERTO GUZMAN', 26),
(488, 'PUERTO INIRIDA', 18),
(489, 'PUERTO LLERAS', 23),
(490, 'PUERTO LOPEZ', 23),
(491, 'PUERTO PARRA', 29),
(492, 'PUERTO RICO', 9),
(493, 'PUERTO RICO', 23),
(494, 'PUERTO SALGAR', 17),
(495, 'PUERTO SANTANDER', 25),
(496, 'PUERTO TEJADA', 11),
(497, 'PUERTO TRIUNFO', 2),
(498, 'PUERTO WILCHES', 29),
(499, 'PURIFICACION', 31),
(500, 'PURISIMA', 16),
(501, 'QUEBRADANEGRA', 17),
(502, 'QUETAME', 17),
(503, 'QUIBDO', 15),
(504, 'QUIMBAYA', 27),
(505, 'QUINCHIA', 28),
(506, 'QUIPILE', 17),
(507, 'RAMIRIQUI', 7),
(508, 'RAQUIRA', 7),
(509, 'RESTREPO', 23),
(510, 'RESTREPO', 32),
(511, 'RETIRO', 2),
(512, 'RICAURTE (N)', 24),
(513, 'RIO DE ORO', 12),
(514, 'RIOBLANCO', 31),
(515, 'RIOHACHA', 21),
(516, 'RIONEGRO', 29),
(517, 'RIONEGRO (ANT)', 2),
(518, 'RIOSUCIO', 8),
(519, 'RIOSUCIO', 15),
(520, 'RIVERA', 20),
(521, 'ROLDANILLO', 32),
(522, 'ROSAS', 11),
(523, 'ROVIRA', 31),
(524, 'ROZO', 32),
(525, 'SABANA DE TORRES', 29),
(526, 'SABANAGRANDE', 5),
(527, 'SABANALARGA', 5),
(528, 'SABANETA', 2),
(529, 'SABOYA', 7),
(530, 'SACHICA', 7),
(531, 'SAHAGUN', 16),
(532, 'SALADOBLANCO', 20),
(533, 'SALAMINA', 8),
(534, 'SALAMINA', 22),
(535, 'SALDA?A', 31),
(536, 'SAMACA', 7),
(537, 'SAMANIEGO', 24),
(538, 'SAMPUES', 30),
(539, 'SAN AGUSTIN', 20),
(540, 'SAN ALBERTO', 12),
(541, 'SAN ANDRES', 29),
(542, 'SAN ANDRES', 4),
(543, 'SAN ANDRES DE SOTAVENTO', 16),
(544, 'SAN ANTERO', 16),
(545, 'SAN ANTONIO', 31),
(546, 'SAN ANTONIO DE PRADO', 2),
(547, 'SAN BERNARDO', 17),
(548, 'SAN BERNARDO', 24),
(549, 'SAN BERNARDO DEL VIENTO', 16),
(550, 'SAN CARLOS', 2),
(551, 'SAN CARLOS', 16),
(552, 'SAN CARLOS DE GUAROA', 23),
(553, 'SAN CRISTOBAL', 2),
(554, 'SAN DIEGO', 12),
(555, 'SAN GIL', 29),
(556, 'SAN JACINTO', 6),
(557, 'SAN JOAQUIN (C)', 17),
(558, 'SAN JOSE DE ISNOS', 20),
(559, 'SAN JOSE DE PARE', 7),
(560, 'SAN JOSE DEL FRAGUA', 9),
(561, 'SAN JOSE DEL GUAVIARE', 19),
(562, 'SAN JUAN DE ARAMA', 23),
(563, 'SAN JUAN DE RIO SECO', 17),
(564, 'SAN JUAN DE URABA', 2),
(565, 'SAN JUAN DEL CESAR', 21),
(566, 'SAN JUAN NEPOMUCENO', 6),
(567, 'SAN LORENZO', 24),
(568, 'SAN LUIS', 31),
(569, 'SAN LUIS DE GACENO', 7),
(570, 'SAN MARCOS', 30),
(571, 'SAN MARTIN', 23),
(572, 'SAN MARTIN (C)', 12),
(573, 'SAN MARTIN DE LOBA', 6),
(574, 'SAN MATEO', 7),
(575, 'SAN ONOFRE', 30),
(576, 'SAN PABLO', 24),
(577, 'SAN PEDRO', 30),
(578, 'SAN PEDRO DE LOS MILAGROS', 2),
(579, 'SAN PEDRO(V)', 32),
(580, 'SAN PELAYO', 16),
(581, 'SAN PELAYO', 16),
(582, 'SAN RAFAEL', 29),
(583, 'SAN RAFAEL', 2),
(584, 'SAN ROQUE', 2),
(585, 'SAN SEBASTIAN DE BUENAVISTA', 22),
(586, 'SAN VICENTE DE CHUCURI', 29),
(587, 'SAN VICENTE DEL CAGUAN', 9),
(588, 'SANTA ANA (M)', 22),
(589, 'SANTA BARBARA', 2),
(590, 'SANTA ELENA', 32),
(591, 'SANTA MARIA', 7),
(592, 'SANTA MARIA', 20),
(593, 'SANTA MARTA', 22),
(594, 'SANTA ROSA DE CABAL', 28),
(595, 'SANTA ROSA DE OSOS', 2),
(596, 'SANTA ROSA DE VITERBO', 7),
(597, 'SANTA ROSA DEL SUR', 6),
(598, 'SANTA SOFIA', 7),
(599, 'SANTAFE DE ANTIOQUIA', 2),
(600, 'SANTANA', 7),
(601, 'SANTANA', 26),
(602, 'SANTANDER DE QUILICHAO', 11),
(603, 'SANTANDERCITO', 17),
(604, 'SANTIAGO', 25),
(605, 'SANTO TOMAS', 5),
(606, 'SANTUARIO', 28),
(607, 'SARAVENA', 3),
(608, 'SARDINATA', 25),
(609, 'SASAIMA', 17),
(610, 'SEGOVIA', 2),
(611, 'SESQUILE', 17),
(612, 'SEVILLA', 32),
(613, 'SIACHOQUE', 7),
(614, 'SIBATE', 17),
(615, 'SIBUNDOY', 26),
(616, 'SILVANIA', 17),
(617, 'SILVIA', 11),
(618, 'SIMACOTA', 29),
(619, 'SIMIJACA', 17),
(620, 'SINCE', 30),
(621, 'SINCELEJO', 30),
(622, 'SITIO NUEVO', 22),
(623, 'SOACHA', 17),
(624, 'SOATA', 7),
(625, 'SOCHA', 7),
(626, 'SOCORRO', 29),
(627, 'SOCOTA', 7),
(628, 'SOGAMOSO', 7),
(629, 'SOLEDAD', 5),
(630, 'SOLITA', 9),
(631, 'SOMONDOCO', 7),
(632, 'SOPO', 17),
(633, 'SORACA', 7),
(634, 'SOTAQUIRA', 7),
(635, 'SUAITA', 29),
(636, 'SUAREZ', 31),
(637, 'SUAZA', 20),
(638, 'SUBACHOQUE', 17),
(639, 'SUBIA', 17),
(640, 'SUCRE (S)', 30),
(641, 'SUESCA', 17),
(642, 'SUPIA', 8),
(643, 'SURATA', 29),
(644, 'SURATA', 29),
(645, 'SUTAMARCHAN', 7),
(646, 'SUTATAUSA', 17),
(647, 'TABIO', 17),
(648, 'TAGANGA', 22),
(649, 'TAMARA', 10),
(650, 'TAME', 3),
(651, 'TAMESIS', 2),
(652, 'TARAZA', 2),
(653, 'TARQUI', 20),
(654, 'TAURAMENA', 10),
(655, 'TELLO', 20),
(656, 'TENJO', 17),
(657, 'TENZA', 7),
(658, 'TEORAMA', 25),
(659, 'TERUEL', 20),
(660, 'TESALIA', 20),
(661, 'TIBANA', 7),
(662, 'TIBASOSA', 7),
(663, 'TIBU', 25),
(664, 'TIENDA NUEVA', 29),
(665, 'TIERRALTA', 16),
(666, 'TIMANA', 20),
(667, 'TIMBIO', 11),
(668, 'TINJACA', 7),
(669, 'TIPACOQUE', 7),
(670, 'TOCA', 7),
(671, 'TOCAIMA', 17),
(672, 'TOCANCIPA', 17),
(673, 'TOLEDO', 25),
(674, 'TOLEDO', 2),
(675, 'TOLU', 30),
(676, 'TOPAGA', 7),
(677, 'TORIBIO', 11),
(678, 'TORO', 32),
(679, 'TRINIDAD', 10),
(680, 'TRUJILLO', 32),
(681, 'TUBARA', 5),
(682, 'TUCHIN', 16),
(683, 'TULUA', 32),
(684, 'TUMACO', 24),
(685, 'TUNJA', 7),
(686, 'TUQUERRES', 24),
(687, 'TURBACO B', 6),
(688, 'TURBO', 2),
(689, 'TURMEQUE', 7),
(690, 'TUTA', 7),
(691, 'UBALA', 17),
(692, 'UBATE', 17),
(693, 'UMBITA', 7),
(694, 'URIBIA', 21),
(695, 'URUMITA', 21),
(696, 'USIACURI', 5),
(697, 'UTICA', 17),
(698, 'VALENCIA', 16),
(699, 'VALLE DE SAN JOSE', 29),
(700, 'VALLE DE SAN JUAN', 31),
(701, 'VALLEDUPAR', 12),
(702, 'VELEZ', 29),
(703, 'VENADILLO', 31),
(704, 'VENECIA (C)', 17),
(705, 'VENTAQUEMADA', 7),
(706, 'VERSALLES', 32),
(707, 'VIANI', 17),
(708, 'VICTORIA', 8),
(709, 'VIJES', 32),
(710, 'VILLA DE LEYVA', 7),
(711, 'VILLA DEL ROSARIO', 25),
(712, 'VILLA GORGONA', 32),
(713, 'VILLA RICA', 11),
(714, 'VILLAGARZON', 26),
(715, 'VILLAMARIA', 8),
(716, 'VILLANUEVA', 21),
(717, 'VILLANUEVA', 29),
(718, 'VILLANUEVA (C)', 10),
(719, 'VILLAPINZON', 17),
(720, 'VILLARRICA (T)', 31),
(721, 'VILLAVICENCIO', 23),
(722, 'VILLAVIEJA', 20),
(723, 'VILLETA', 17),
(724, 'VIOTA', 17),
(725, 'VISTAHERMOSA', 23),
(726, 'VITERBO', 8),
(727, 'YACOPI', 17),
(728, 'YAGUARA', 20),
(729, 'YARUMAL', 2),
(730, 'YOPAL', 10),
(731, 'YOTOCO', 32),
(732, 'YUMBO', 32),
(733, 'ZAPATOCA', 29),
(734, 'ZARAGOZA', 2),
(735, 'ZARZAL', 32),
(736, 'ZETAQUIRA', 7),
(737, 'ZIPAQUIRA', 17),
(738, 'DABEIBA', 2),
(739, 'GUALANDAY', 31),
(740, 'RICAURTE', 17),
(741, 'VEGACHI', 2),
(742, 'ABREGO', 25),
(743, 'ANORI', 2),
(744, 'BAHIA SOLANO MUTIS', 15),
(745, 'BETULIA (ANT)', 2),
(746, 'BRICEÑO', 2),
(747, 'CALIFORNIA (S)', 29),
(748, 'EL CARMEN', 25),
(749, 'FRONTINO', 2),
(750, 'LA JAGUA DE IBIRICO', 12),
(751, 'LLORENTE', 24),
(752, 'MACEO', 2),
(753, 'PUERTO NARE', 2),
(754, 'RAGONVALIA', 25),
(755, 'SAN PEDRO DE URABA', 2),
(756, 'SANTA ROSALIA', 33),
(757, 'TENERIFE', 22),
(758, 'URIBE', 23),
(759, 'URRAO', 2),
(760, 'VALPARAISO', 2),
(761, 'CERINZA', 7),
(762, 'CIENEGA', 22),
(763, 'COLON', 26),
(764, 'EL SANTUARIO', 2),
(765, 'GUALANDAY', 31),
(766, 'GUATAQUI', 17),
(767, 'LA UNION', 2),
(768, 'MARMATO', 8),
(769, 'PUERTO RICO', 9),
(770, 'RICAURTE', 17),
(771, 'TAMINANGO', 24),
(772, 'SAN PABLO', 6),
(773, 'ABEJORRAL', 2),
(774, 'ABRIAQUI', 2),
(775, 'ACANDI', 15),
(776, 'ACHI', 6),
(777, 'AGRADO', 20),
(778, 'AGUADA DE PABLO', 5),
(779, 'AGUADA', 29),
(780, 'ALBANIA', 9),
(781, 'ALBAN', 24),
(782, 'ALCALA', 32),
(783, 'ALEJANDRIA', 2),
(784, 'ALGARROBO', 22),
(785, 'ALMAGUER', 11),
(786, 'ALMEIDA', 7),
(787, 'ALPUJARRA', 31),
(788, 'ALTO TABLAZO', 8),
(789, 'ALTOS DEL ROSARIO', 6),
(790, 'AMAIME', 32),
(791, 'ANCUYA', 24),
(792, 'ANDAGOYA', 15),
(793, 'ANGELOPOLIS', 2),
(794, 'ANGOSTURA', 2),
(795, 'ANIMAS', 15),
(796, 'ANZA', 2),
(797, 'ARAUCA', 8),
(798, 'ARENAL', 6),
(799, 'ARGELIA (C)', 11),
(800, 'ARMENIA', 2),
(801, 'ARROYOHONDO', 6),
(802, 'ASTREA', 12),
(803, 'BAGADO', 15),
(804, 'BAHÍA MÁLAGA', 32),
(805, 'BAJO CALIMA', 32),
(806, 'BAJO TABLAZO', 8),
(807, 'BALBOA (C)', 11),
(808, 'BARBACOAS', 24),
(809, 'BARCELONA', 27),
(810, 'BARRANCO DE LOBA', 6),
(811, 'BELALCAZAR (CA)', 11),
(812, 'BELEN (H)', 20),
(813, 'BELEN DE BAJIRA', 15),
(814, 'BELENCITO', 7),
(815, 'BELEN', 24),
(816, 'BELLAVISTA', 15),
(817, 'BELMIRA', 2),
(818, 'BELTRAN', 17),
(819, 'BERRUECOS', 24),
(820, 'BETANIA', 2),
(821, 'BETE', 15),
(822, 'BETEITIVA', 7),
(823, 'BITUIMA', 17),
(824, 'BOCAS DE SATINGA', 24),
(825, 'BOLIVAR', 29),
(826, 'BOYACA', 7),
(827, 'BRICEÑO (B)', 7),
(828, 'BRICEÑO', 17),
(829, 'BRUSELAS', 20),
(830, 'BUCARASICA', 25),
(831, 'BUENAVISTA', 30),
(832, 'BUENOS AIRES', 11),
(833, 'BURITACA', 22),
(834, 'BURITICA', 2),
(835, 'CABRERA', 29),
(836, 'CACERES', 2),
(837, 'CAGUAN', 20),
(838, 'CAIMITO', 30),
(839, 'CALAMAR', 6),
(840, 'CALAMAR', 19),
(841, 'CALDAS', 7),
(842, 'CALDONO', 11),
(843, 'CAMPAMENTO', 2),
(844, 'CAMPECHE', 5),
(845, 'CAMPO DE LA CRUZ', 5),
(846, 'CAMPO HERMOSO', 9),
(847, 'CAMPOHERMOSO', 7),
(848, 'CAÑASGORDAS', 2),
(849, 'CARACOLI', 5),
(850, 'CARAMANTA', 2),
(851, 'CARCASI', 29),
(852, 'CARLOSAMA', 24),
(853, 'CARRETO', 22),
(854, 'CASACAZA', 12),
(855, 'CASCAJAL I', 32),
(856, 'CASCAJAL', 5),
(857, 'CEPITA', 29),
(858, 'CERRITO', 29),
(859, 'CERRO SAN ANTONIO', 22),
(860, 'CERROMATOSO', 16),
(861, 'CERTEGUI', 15),
(862, 'CHACHAGÜI', 24),
(863, 'CHALAN', 30),
(864, 'CHAMEZA', 10),
(865, 'CHARTA', 29),
(866, 'CHIMA (S)', 29),
(867, 'CHIPATA', 29),
(868, 'CHIQUIZA', 7),
(869, 'CHITAGA', 25),
(870, 'CHIVOLO', 22),
(871, 'CICUCO', 6),
(872, 'CIENAGA DE ORO', 16),
(873, 'CIENAGA', 22),
(874, 'CISNEROS', 2),
(875, 'CLEMENCIA B', 6),
(876, 'COCONUCO', 11),
(877, 'CODAZZI', 12),
(878, 'COGUA', 17),
(879, 'CONCORDIA', 2),
(880, 'CONDOTO', 15),
(881, 'CONSACA', 24),
(882, 'CONTADERO', 24),
(883, 'COPER', 7),
(884, 'CORDOBA N', 24),
(885, 'CORDOBA', 16),
(886, 'CORDOBA', 27),
(887, 'CORRALES', 7),
(888, 'COVARACHIA', 7),
(889, 'COVEÑAS', 30),
(890, 'CRAVO NORTE', 3),
(891, 'CUASPUD NUCLEO', 24),
(892, 'CUCUTILLA', 25),
(893, 'CUITIVA', 7),
(894, 'CUMARIBO', 33),
(895, 'CUMBITARA', 24),
(896, 'CURBARADO', 15),
(897, 'DIBULLA', 21),
(898, 'EBEJICO', 2),
(899, 'EL BORDO', 11),
(900, 'EL CABUYAL (V)', 32),
(901, 'EL CALVARIO', 23),
(902, 'EL CARMELO', 32),
(903, 'EL CARMEN DE ATRATO', 15),
(904, 'EL CHARCO', 24),
(905, 'EL DIFICIL', 22),
(906, 'EL ENCANO', 24),
(907, 'EL ESTRECHO (C)', 11),
(908, 'EL GUACAMAYO', 29),
(909, 'EL GUAMO (B)', 6),
(910, 'EL LLANITO', 29),
(911, 'EL PEÐOL', 24),
(912, 'EL PEÐON', 29),
(913, 'EL PEÑON (BOL)', 6),
(914, 'EL PEÑON', 17),
(915, 'EL PIÐON', 22),
(916, 'EL PLATEADO', 11),
(917, 'EL QUEREMAL', 32),
(918, 'EL RETEN', 22),
(919, 'EL RETORNO', 19),
(920, 'EL ROBLE', 30),
(921, 'EL ROSARIO', 24),
(922, 'EL SALADITO', 32),
(923, 'EL TABLÓN DE GOMEZ', 24),
(924, 'EL TAMBO (CA)', 11),
(925, 'EL TAMBO (NA)', 24),
(926, 'EL TARRA', 25),
(927, 'EL VALLE', 2),
(928, 'FALAN', 31),
(929, 'FLORESTA', 7),
(930, 'FLORIAN', 29),
(931, 'FRESNO', 31),
(932, 'FUNES', 24),
(933, 'FUQUENE', 17),
(934, 'GACHANCIPA', 17),
(935, 'GACHANTIVA', 7),
(936, 'GAITANIA', 31),
(937, 'GALAN (S)', 29),
(938, 'GAMBOTE', 6),
(939, 'GAMEZA', 7),
(940, 'GENOVA (N)', 24),
(941, 'GIRALDO', 2),
(942, 'GONZALEZ', 12),
(943, 'GRAMALOTE', 25),
(944, 'GRANADA', 17),
(945, 'GUABITAS', 32),
(946, 'GUACAMAYAL', 22),
(947, 'GUACHACA', 22),
(948, 'GUACHAVES', 24),
(949, 'GUACHENE', 11),
(950, 'GUACHETA', 17),
(951, 'GUAITARILLA', 24),
(952, 'GUALMATÁN', 24),
(953, 'GUAMAL (MAG)', 22),
(954, 'GUAPI', 11),
(955, 'GUAPOTA', 29),
(956, 'GUARANDA', 30),
(957, 'GUARINOCITO', 8),
(958, 'GUATAPE', 2),
(959, 'GUATAVITA', 17),
(960, 'GUAVATA', 29),
(961, 'GUAYABAL (HUL)', 20),
(962, 'GUAYABAL', 30),
(963, 'GUTIERREZ', 17),
(964, 'HACARI', 25),
(965, 'HATILLO DE LOBA', 6),
(966, 'HATO (S)', 29),
(967, 'HELICONIA', 2),
(968, 'HERRAN', 25),
(969, 'HERRERA', 31),
(970, 'HISPANIA', 2),
(971, 'ILES', 24),
(972, 'INZA', 11),
(973, 'ISCUANDE', 24),
(974, 'ITUANGO', 2),
(975, 'IZA', 7),
(976, 'JAMBALO', 11),
(977, 'JERICO', 7),
(978, 'JESUS MARIA', 29),
(979, 'JORDAN SUBE', 29),
(980, 'JUAN ARIAS', 6),
(981, 'JUAN MINA', 5),
(982, 'JURADO', 15),
(983, 'LA BELLEZA', 29),
(984, 'LA CAPILLA', 7),
(985, 'LA CRUZ', 24),
(986, 'LA CUMBRE', 32),
(987, 'LA DORADA (P)', 26),
(988, 'LA FLORESTA', 25),
(989, 'LA FLORIDA (N)', 24),
(990, 'LA GRAN VÍA', 17),
(991, 'LA JAGUA DEL PILAR', 21),
(992, 'LA JARRA', 25),
(993, 'LA LINDA', 8),
(994, 'LA MONTAÑITA', 9),
(995, 'LA PALMA', 17),
(996, 'LA PAZ', 21),
(997, 'LA PEÑA', 5),
(998, 'LA PEÑA', 17),
(999, 'LA PINTADA', 2),
(1000, 'LA PLAYA', 25),
(1001, 'LA PRIMAVERA', 33),
(1002, 'LA SALINA', 10),
(1003, 'LA TOLA', 24),
(1004, 'LA UNION (S)', 30),
(1005, 'LA UVITA', 7),
(1006, 'LA VEGA', 11),
(1007, 'LA VEGA', 17),
(1008, 'LA VICTORIA (B)', 7),
(1009, 'LA VICTORIA', 17),
(1010, 'LABATECA', 25),
(1011, 'LEIVA', 24),
(1012, 'LIBORINA', 2),
(1013, 'LIMONCITOS', 17),
(1014, 'LINARES', 24),
(1015, 'LLORO', 15),
(1016, 'LOS GARZONES', 16),
(1017, 'LOS PALMITOS', 30),
(1018, 'LOURDES', 25),
(1019, 'LURUACO', 5),
(1020, 'MACANAL', 7),
(1021, 'MACARAVITA', 29),
(1022, 'MAJAGUAL', 30),
(1023, 'MANAGRU', 15),
(1024, 'MANATI', 5),
(1025, 'MANAURE', 21),
(1026, 'MANTA', 17),
(1027, 'MARGARITA', 6),
(1028, 'MARULANDA', 8),
(1029, 'MATANZA', 29),
(1030, 'MERCADERES', 11),
(1031, 'MICAY', 11),
(1032, 'MILAN', 9),
(1033, 'MINGUEO', 21),
(1034, 'MIRANDA', 11),
(1035, 'MONTEBELLO', 2),
(1036, 'MOÑITOS', 16),
(1037, 'MORALES (C)', 11),
(1038, 'MORELIA', 9),
(1039, 'MORROA', 30),
(1040, 'MOTAVITA', 7),
(1041, 'MURILLO', 31),
(1042, 'MURINDO', 2),
(1043, 'MUTISCUA', 25),
(1044, 'NARIÑO', 2),
(1045, 'NARIÑO', 17),
(1046, 'NARIÑO', 24),
(1047, 'NATAGA', 20),
(1048, 'NECHI', 2),
(1049, 'NECOCLI', 2),
(1050, 'NIMAIMA', 17),
(1051, 'NOROSI', 6),
(1052, 'NOVITA', 15),
(1053, 'NUQUI', 15),
(1054, 'OCAÑA', 25),
(1055, 'OLAYA', 2),
(1056, 'ORTIGAL', 11),
(1057, 'OSPINA', 24),
(1058, 'PACARNI', 20),
(1059, 'PADILLA', 11),
(1060, 'PAIMADO', 15),
(1061, 'PAIME', 17),
(1062, 'PAISPAMBA', 11),
(1063, 'PAJONALES', 31),
(1064, 'PALERMO', 2),
(1065, 'PALERMO', 22),
(1066, 'PALMAR (S)', 29),
(1067, 'PALMAR DE VARELA', 5),
(1068, 'PALO GORDO', 29),
(1069, 'PAMPLONITA', 25),
(1070, 'PANQUEBA', 7),
(1071, 'PASCA', 17),
(1072, 'PATIA (C)', 11),
(1073, 'PAYAN', 24),
(1074, 'PEÑOL', 2),
(1075, 'PEQUE', 2),
(1076, 'PIAMONTE', 11),
(1077, 'PIE DE PATO', 15),
(1078, 'PIEDRANCHA', 24),
(1079, 'PIJAO', 27),
(1080, 'PIJIÑO', 22),
(1081, 'PINILLOS', 6),
(1082, 'PIOJO', 5),
(1083, 'PISBA', 7),
(1084, 'PIZARRO', 15),
(1085, 'PLATO', 22),
(1086, 'POLICARPA', 24),
(1087, 'POLONUEVO', 5),
(1088, 'PONEDERA', 5),
(1089, 'PONTEZUELA', 6),
(1090, 'PORE', 10),
(1091, 'POTOSI', 24),
(1092, 'PROVIDENCIA', 24),
(1093, 'PUEBLO NUEVO', 17),
(1094, 'PUEBLORRICO', 2),
(1095, 'PUEBLOVIEJO', 22),
(1096, 'PUENTE SOGAMOSO', 29),
(1097, 'PUERRES', 24),
(1098, 'PUERTO BOGOTA', 17),
(1099, 'PUERTO CLAVER', 2),
(1100, 'PUERTO GIRALDO', 5),
(1101, 'PUERTO LIBERTADOR', 16),
(1102, 'PUERTO MELUK', 15),
(1103, 'PUERTO NARIÑO', 1),
(1104, 'PUERTO PERALES NUEVO', 2),
(1105, 'PUERTO RONDON', 3),
(1106, 'PULI', 17),
(1107, 'PUNTA DE CARTAGENA', 6),
(1108, 'PUNTA DE PIEDRAS', 22),
(1109, 'PUPIALES', 24),
(1110, 'PURACE', 11),
(1111, 'QUIPAMA', 7),
(1112, 'RECETOR', 10),
(1113, 'REGIDOR', 6),
(1114, 'REMEDIOS', 2),
(1115, 'REMOLINO', 22),
(1116, 'REPELON', 5),
(1117, 'RICAURTE (COLOSO)', 30),
(1118, 'RICAURTE (Na)', 24),
(1119, 'RIO VIEJO', 6),
(1120, 'RIOFRIO', 32),
(1121, 'RISARALDA', 8),
(1122, 'RONCESVALLES', 31),
(1123, 'RONDON', 7),
(1124, 'SABANALARGA', 2),
(1125, 'SABANALARGA', 10),
(1126, 'SABANAS', 22),
(1127, 'SACAMA', 10),
(1128, 'SALAHONDA', 24),
(1129, 'SALAZAR', 25),
(1130, 'SALDAÑA', 31),
(1131, 'SALENTO', 27),
(1132, 'SALGAR', 2),
(1133, 'SAMANA', 8),
(1134, 'SAMARIA', 8),
(1135, 'SAN ANDRES DE CUERQUIA', 2),
(1136, 'SAN ANGEL', 22),
(1137, 'SAN ANTONIO DE LOS CABALLEROS', 32),
(1138, 'SAN ANTONIO DEL TEQUENDAMA', 17),
(1139, 'SAN BENITO ABAD', 30),
(1140, 'SAN BENITO NUEVO', 29),
(1141, 'SAN BENITO', 29),
(1142, 'SAN BERNARDO DE BATA', 25),
(1143, 'SAN CALIXTO', 25),
(1144, 'SAN CAYETANO', 17),
(1145, 'SAN CAYETANO', 25),
(1146, 'SAN CRISTOBAL', 6),
(1147, 'SAN EDUARDO', 7),
(1148, 'SAN ESTANISLAO', 6),
(1149, 'SAN FERNANDO (B)', 6),
(1150, 'SAN FRANCISCO', 2),
(1151, 'SAN FRANCISCO', 17),
(1152, 'SAN FRANCISCO', 26),
(1153, 'SAN JACINTO DEL CAUCA', 6),
(1154, 'SAN JERONIMO', 2),
(1155, 'SAN JOAQUIN', 29),
(1156, 'SAN JOSE (C)', 8),
(1157, 'SAN JOSE DE LA MONTAÑA', 2),
(1158, 'SAN JOSE DE MIRANDA', 29),
(1159, 'SAN JOSE DE URE', 16),
(1160, 'SAN JOSE DEL PALMAR', 15),
(1161, 'SAN JOSE', 24),
(1162, 'SAN JOSE', 24),
(1163, 'SAN JUAN DE BETULIA', 30),
(1164, 'SAN JUAN DEL LOSADA', 23),
(1165, 'SAN JUANITO', 23),
(1166, 'SAN LUIS DE PALENQUE', 10),
(1167, 'SAN LUIS', 2),
(1168, 'SAN MARTIN', 6),
(1169, 'SAN MIGUEL DE SEMA', 7),
(1170, 'SAN MIGUEL', 29),
(1171, 'SAN PABLO DE BORBUR', 7),
(1172, 'SAN PEDRO DE CARTAGO', 24),
(1173, 'SAN ROQUE', 12),
(1174, 'SAN SEBASTIAN', 11),
(1175, 'SAN VICENTE', 2),
(1176, 'SAN ZENON', 22),
(1177, 'SANDONA', 24),
(1178, 'SANTA ANA (B)', 6),
(1179, 'SANTA BARBARA DE PINTO', 22),
(1180, 'SANTA BARBARA', 24),
(1181, 'SANTA BARBARA', 29),
(1182, 'SANTA CATALINA', 6),
(1183, 'SANTA CRUZ', 5),
(1184, 'SANTA GENOVEVA DE DOCORDO', 15),
(1185, 'SANTA HELENA DEL OPON', 29),
(1186, 'SANTA ISABEL', 31),
(1187, 'SANTA LUCIA', 5),
(1188, 'SANTA RITA', 15),
(1189, 'SANTA ROSA DE LIMA', 6),
(1190, 'SANTA ROSA', 11),
(1191, 'SANTA ROSALIA', 22),
(1192, 'SANTIAGO PEREZ', 31),
(1193, 'SANTIAGO', 11),
(1194, 'SANTIAGO', 26),
(1195, 'SANTO DOMINGO', 2),
(1196, 'SAPUYES', 24),
(1197, 'SATIVANORTE', 7),
(1198, 'SATIVASUR', 7),
(1199, 'SILOS', 25),
(1200, 'SIMITI', 6),
(1201, 'SINCERIN', 6),
(1202, 'SIPI', 15),
(1203, 'SITIONUEVO', 22),
(1204, 'SOGAMOSO', 29),
(1205, 'SOLANO', 9),
(1206, 'SONSON', 2),
(1207, 'SOPETRAN', 2),
(1208, 'SOPLAVIENTO B', 6),
(1209, 'SORA', 7),
(1210, 'SOTOMAYOR', 24),
(1211, 'SUAN', 5),
(1212, 'SUAREZ', 11),
(1213, 'SUCRE', 11),
(1214, 'SUCRE', 29),
(1215, 'SUPATA', 17),
(1216, 'SUSACON', 7),
(1217, 'SUSA', 17),
(1218, 'SUTATENZA', 7),
(1219, 'TADO', 15),
(1220, 'TALAIGUA NUEVO', 6),
(1221, 'TAMALAMEQUE', 12),
(1222, 'TANGUA', 24),
(1223, 'TARSO', 2),
(1224, 'TASCO', 7),
(1225, 'TAUSA', 17),
(1226, 'TENA', 17),
(1227, 'TIBACUY', 17),
(1228, 'TIBIRITA', 17),
(1229, 'TIBITO', 17),
(1230, 'TIMBIQUI', 11),
(1231, 'TIQUISIO NUEVO', 6),
(1232, 'TITIRIBI', 2),
(1233, 'TOBIA', 17),
(1234, 'TOGÜI', 7),
(1235, 'TOLU VIEJO', 30),
(1236, 'TONA', 29),
(1237, 'TOPAIPI', 17),
(1238, 'TOTA', 7),
(1239, 'TOTORO', 11),
(1240, 'TRINIDAD', 7),
(1241, 'TUNIA', 11),
(1242, 'TUNUNGUA', 7),
(1243, 'TURBANA', 6),
(1244, 'TUTAZA', 7),
(1245, 'UBAQUE', 17),
(1246, 'ULLOA', 20),
(1247, 'ULLOA', 32),
(1248, 'UNE', 17),
(1249, 'UNGUIA', 15),
(1250, 'URAMITA', 2),
(1251, 'VADO REAL', 29),
(1252, 'VALDIVIA', 2),
(1253, 'VALPARAISO (CAQ)', 9),
(1254, 'VENECIA', 2),
(1255, 'VERGARA', 17),
(1256, 'VETAS', 29),
(1257, 'VIGIA DEL FUERTE', 2),
(1258, 'VILLA CARO', 25),
(1259, 'VILLAGOMEZ', 17),
(1260, 'VILLAHERMOSA', 31),
(1261, 'VILLANUEVA', 6),
(1262, 'VIRACACHA', 7),
(1263, 'YACUANQUER', 24),
(1264, 'YALI', 2),
(1265, 'YATI', 6),
(1266, 'YOLOMBO', 2),
(1267, 'YUTO', 15),
(1268, 'ZAMBRANO', 6),
(1269, 'ZARAGOZA (V)', 32),
(1270, 'ZIPACON', 17),
(1271, 'ZULUAGA', 20);

-- --------------------------------------------------------

--
-- Estructura de tabla para la tabla `codigosmoto`
--

CREATE TABLE `codigosmoto` (
  `id_codigosmoto` int(11) NOT NULL,
  `codigo_codigo` varchar(45) NOT NULL,
  `by_codigo` varchar(45) NOT NULL,
  `cliente_codigo` varchar(45) NOT NULL,
  `created_at_codigo` datetime NOT NULL,
  `updated_at_codigo` datetime NOT NULL,
  `active` tinyint(4) NOT NULL,
  `ip_codigo` varchar(45) DEFAULT NULL,
  `phone_codigo` varchar(45) NOT NULL
) ENGINE=InnoDB DEFAULT CHARSET=latin1;

-- --------------------------------------------------------

--
-- Estructura de tabla para la tabla `department`
--

CREATE TABLE `department` (
  `iddepartment` int(11) NOT NULL,
  `name_department` varchar(50) NOT NULL
) ENGINE=InnoDB DEFAULT CHARSET=latin1;

--
-- Volcado de datos para la tabla `department`
--

INSERT INTO `department` (`iddepartment`, `name_department`) VALUES
(1, 'AMAZONAS'),
(2, 'ANTIOQUIA'),
(3, 'ARAUCA'),
(4, 'ARCHIPIELAGO DE SAN ANDRES'),
(5, 'ATLANTICO'),
(6, 'BOLIVAR'),
(7, 'BOYACA'),
(8, 'CALDAS'),
(9, 'CAQUETA'),
(10, 'CASANARE'),
(11, 'CAUCA'),
(12, 'CESAR'),
(13, 'CESAR(CAS)'),
(14, 'CESAR(CORRGTO)'),
(15, 'CHOCO'),
(16, 'CORDOBA'),
(17, 'CUNDINAMARCA'),
(18, 'GUAINIA'),
(19, 'GUAVIARE'),
(20, 'HUILA'),
(21, 'LA GUAJIRA'),
(22, 'MAGDALENA'),
(23, 'META'),
(24, 'NARIÑO'),
(25, 'NORTE DE SANTANDER'),
(26, 'PUTUMAYO'),
(27, 'QUINDIO'),
(28, 'RISARALDA'),
(29, 'SANTANDER'),
(30, 'SUCRE'),
(31, 'TOLIMA'),
(32, 'VALLE'),
(33, 'VICHADA');

-- --------------------------------------------------------

--
-- Estructura de tabla para la tabla `group_of_category`
--

CREATE TABLE `group_of_category` (
  `id_group_of_category` int(11) NOT NULL,
  `name_group` varchar(45) NOT NULL
) ENGINE=InnoDB DEFAULT CHARSET=latin1;

--
-- Volcado de datos para la tabla `group_of_category`
--

INSERT INTO `group_of_category` (`id_group_of_category`, `name_group`) VALUES
(1, 'Familia');

-- --------------------------------------------------------

--
-- Estructura de tabla para la tabla `link`
--

CREATE TABLE `link` (
  `id_link` int(11) NOT NULL,
  `url_link` varchar(100) NOT NULL,
  `order_link` varchar(45) NOT NULL,
  `date_link` varchar(45) NOT NULL,
  `hour_link` varchar(45) NOT NULL,
  `admin_link` int(11) NOT NULL
) ENGINE=InnoDB DEFAULT CHARSET=utf8mb4;

-- --------------------------------------------------------

--
-- Estructura de tabla para la tabla `order`
--

CREATE TABLE `order` (
  `reference_order` varchar(45) NOT NULL,
  `date_order` varchar(45) NOT NULL,
  `product_price_order` double NOT NULL,
  `freight_price_order` double NOT NULL,
  `total_price_order` double NOT NULL,
  `state_order` varchar(45) NOT NULL,
  `shippinginfo_idshipinfo` varchar(45) NOT NULL,
  `consecutive_order` int(11) NOT NULL
) ENGINE=InnoDB DEFAULT CHARSET=utf8mb4;

-- --------------------------------------------------------

--
-- Estructura de tabla para la tabla `orderdetails`
--

CREATE TABLE `orderdetails` (
  `id` int(11) NOT NULL,
  `order_reference_order` varchar(45) NOT NULL,
  `product_reference` int(11) NOT NULL,
  `product_category_idcategory` int(11) NOT NULL,
  `size_idsize` varchar(45) NOT NULL,
  `quantity_orderdetails` int(11) NOT NULL,
  `unit_price_orderdetails` double NOT NULL,
  `observation_orderdetails` varchar(45) NOT NULL,
  `horma_orderdetails` varchar(45) NOT NULL
) ENGINE=InnoDB DEFAULT CHARSET=utf8mb4;

-- --------------------------------------------------------

--
-- Estructura de tabla para la tabla `permission`
--

CREATE TABLE `permission` (
  `idpermission` int(11) NOT NULL,
  `name_permission` varchar(45) NOT NULL,
  `description_permission` varchar(200) DEFAULT NULL
) ENGINE=InnoDB DEFAULT CHARSET=utf8mb4;

--
-- Volcado de datos para la tabla `permission`
--

INSERT INTO `permission` (`idpermission`, `name_permission`, `description_permission`) VALUES
(1, 'Ingresar al Admin Page', 'Este permiso es utilizado para que el administrador se puede loggear en el sistema de Admin de la pagina web.'),
(2, 'Ingresar Sección Agregar Productos ', 'Permiso para ingresar a la sección donde se crean y modifican los productos que se muestran en la pagina web.'),
(3, 'Crear Nuevo Producto', 'Permiso para crear nuevos productos en la pagina Web.'),
(4, 'Actualizar Productos', 'Permisos para modificar los productos publicados en la pag web'),
(5, 'Ingresar Sección de Pedidos', 'Permite ingresar a la sección de Pedidos'),
(6, 'Ingresar Sección de Todos Pedidos ', 'Permite ingresar a la sección de Todos Pedidos'),
(7, 'Ver transacciones', 'Ver las transacciones en la sección de \"pedidos\" y \"todos los pedidos\"'),
(8, 'Deshabilitar cualquier Link', 'Permiso para deshabilitar los link de cualquier usuario o asesor cree.'),
(9, 'Deshabilitar Link creados por el mismo usuari', 'Permiso para deshabilitar Links creados por el mismo usuario o asesor'),
(10, 'Buscar Link por cedula', 'Buscar Links por cedula en la Sección de Listado de Links'),
(11, 'Entrar modulo Familia', 'Entra en familia para ver el listado de productos y crear nuevas ref de familia'),
(12, 'Crear una nueva ref de Familia', 'Poder crear ref nuevas de familia');

-- --------------------------------------------------------

--
-- Estructura de tabla para la tabla `product`
--

CREATE TABLE `product` (
  `reference` int(11) NOT NULL,
  `category_idcategory` int(11) NOT NULL,
  `name_product` varchar(45) NOT NULL,
  `active_product` varchar(45) NOT NULL,
  `image_product` varchar(100) NOT NULL,
  `score_product` int(11) NOT NULL
) ENGINE=InnoDB DEFAULT CHARSET=utf8;

--
-- Volcado de datos para la tabla `product`
--

INSERT INTO `product` (`reference`, `category_idcategory`, `name_product`, `active_product`, `image_product`, `score_product`) VALUES
(1, 1, 'Girasoles', 'no', '1-1-Girasoles.jpeg', 1000),
(1, 3, 'Girasoles', 'no', 'Girasoles-3.jpg', 1000),
(1, 4, 'Girasoles', 'no', 'Girasoles-4.jpg', 1000),
(1, 5, 'PeRa medias', 'si', 'PeRa medias-5.jpeg', 1000),
(1, 6, 'PeRa Rizos', 'si', 'PeRa Rizos-6.jpg', 1000),
(1, 9, 'Negro', 'no', 'PeRa Leggings Negro-9.jpg', 1000),
(1, 10, 'Jeans Negro', 'no', '10-1.jpeg', 1000),
(1, 12, 'Diva', 'no', 'Diva-12.jpg', 1000),
(1, 14, 'Peritas', 'si', 'Peritas-14.jpg', 1000),
(1, 15, 'Panda Amor', 'si', 'Panda Amor-15.jpg', 1000),
(1, 22, 'Negro PeRa DK', 'si', '22-1-Negro PeRa DK.jpeg', 1000),
(2, 1, 'Unicornio', 'no', '1-2-Unicornio.jpeg', 1000),
(2, 10, 'Jeans Azul Claro', 'no', '10-2.jpeg', 1000),
(2, 12, 'Bruto pero decididos mujer', 'no', 'Bruto pero decididos mujer-12.jpg', 1000),
(2, 14, 'Perro amor', 'si', 'Perro amor-14.jpg', 1000),
(2, 15, 'Unicornio', 'si', 'Unicornio-15.jpg', 1000),
(2, 22, 'Todo Blanco', 'si', '22-2-Todo Blanco.jpeg', 1000),
(2, 23, 'Brutos pero decididos', 'no', '23-2-Brutos pero decididos.jpg', 0),
(2, 120, 'Bruto pero decididos', 'si', 'Bruto pero decididos-12.jpg', 1000),
(3, 1, 'Corazones', 'no', 'Corazones-1.jpg', 34),
(3, 2, 'Corazones', 'no', 'Corazones-2.jpg', 34),
(3, 3, 'Corazones', 'no', 'Corazones-3.jpg', 34),
(3, 4, 'Corazones', 'no', 'Corazones-4.jpg', 34),
(3, 10, 'Jeans Azul Oscuro', 'no', '10-3.jpeg', 34),
(3, 12, 'Inspiración', 'si', 'Inspiración-120.jpg', 34),
(3, 14, 'Camuflado', 'si', 'Camuflado-14.jpeg', 34),
(3, 15, 'Ojito', 'si', 'Ojito-15.jpg', 34),
(3, 22, 'Todo Negro', 'si', '22-3-Todo Negro.jpeg', 34),
(3, 23, 'Inspiración Blanca', 'no', '23-3-Inspiración Blanca.jpg', 0),
(4, 10, 'Jeans Negro Hombre', 'si', '10-4.jpeg', 35),
(4, 12, 'Inspiración color negro', 'si', 'Inspiración color negro-12.jpg', 35),
(4, 13, 'Inspiración', 'si', 'Inspiración-12.jpg', 35),
(4, 14, 'Panda', 'si', 'Panda-14.jpg', 35),
(4, 15, 'Estrellitas Grises', 'si', 'Estrellitas Grises-15.jpg', 35),
(4, 23, 'Inspiración Negro', 'no', '23-4-Inspiración Negro.jpg', 0),
(5, 1, 'Orquídea', 'no', 'Orquídea-1.jpg', 1000),
(5, 2, 'Orquídea', 'no', 'Orquídea-2.jpg', 1000),
(5, 3, 'Orquídeas', 'no', 'Orquídeas-3.jpg', 1000),
(5, 10, 'Jeans Azul Oscuro Hombre', 'si', '10-5.jpeg', 1000),
(5, 14, 'No covid', 'si', 'No covid-14.jpg', 1000),
(5, 15, 'Ojo Rosa', 'si', 'Ojo Rosa-15.jpg', 1000),
(5, 120, 'Telescopio', 'no', 'Telescopio-120.jpg', 1000),
(6, 1, 'Cubos', 'no', 'Cubos-1.jpg', 1000),
(6, 10, 'Jeans Azul con bolsillo', 'si', '10-6.jpeg', 1000),
(6, 12, 'Cielo', 'no', 'Cielo-12.jpg', 1000),
(6, 14, 'Corazones', 'si', 'Corazones-14.jpg', 1000),
(6, 15, 'Universo', 'si', 'Universo-15.jpg', 1000),
(7, 1, 'Multicolor', 'no', '1-7-Multicolor.jpeg', 83),
(7, 2, 'Multicolor', 'no', 'Multicolor-2.jpg', 83),
(7, 3, 'multicolor', 'no', 'multicolor-3.jpg', 83),
(7, 10, 'Jeans Azul Cenizo Mujer', 'si', '10-7.jpeg', 83),
(7, 14, 'Negro', 'si', 'Negro-14.jpg', 83),
(7, 15, 'Princesita', 'si', 'Princesita-15.jpg', 83),
(7, 23, 'Viajero Negra', 'no', '23-7-Viajero Negra.jpg', 0),
(7, 120, 'Viajero', 'si', 'Viajero-12.jpg', 83),
(8, 1, 'Carnaval', 'no', 'Carnaval-1.jpg', 36),
(8, 10, 'Negro con Bolsillo Dama', 'si', '10-8.jpeg', 36),
(8, 12, 'Gato amor', 'si', 'Gato amor-12.jpg', 36),
(8, 14, 'Ojitos', 'si', 'Ojitos-14.jpg', 36),
(8, 15, 'Corazon Print', 'si', 'Corazon Print-15.jpg', 36),
(8, 23, 'Gato Amor Blanco', 'no', '23-8-Gato Amor Blanco.jpg', 0),
(9, 1, 'Prosperidad', 'no', 'Prosperidad-1.jpg', 37),
(9, 12, 'Gato amor color negro', 'si', 'Gato amor color negro-12.jpg', 37),
(9, 14, 'Gato amor', 'si', 'Gato amor-14.jpg', 37),
(9, 15, 'Sirenita', 'si', 'Sirenita-15.jpg', 37),
(9, 23, 'Gato Amor Negro', 'no', '23-9-Gato Amor Negro.jpg', 0),
(10, 1, 'Naturaleza', 'no', 'Naturaleza-1.jpg', 0),
(10, 2, 'Naturaleza', 'no', 'Naturaleza-2.jpg', 0),
(10, 3, 'Naturaleza', 'no', 'Naturaleza-3.jpg', 0),
(10, 14, 'Donas', 'si', 'Donas-14.jpg', 0),
(10, 15, 'Mariquitas', 'si', 'Mariquitas-15.jpg', 0),
(11, 1, 'Esqueleto', 'no', 'Esqueleto-1.jpg', 1000),
(11, 14, 'Inspiración ', 'si', 'Inspiración -14.jpg', 1000),
(11, 15, 'Estrellitas Moradas', 'si', 'Estrellitas Moradas-15.jpg', 1000),
(11, 120, 'Player 2', 'no', 'Player 2-12.jpg', 1000),
(12, 1, 'Vida', 'no', 'Vida-1.jpg', 38),
(12, 2, 'Vida', 'no', 'Vida-2.jpg', 38),
(12, 3, 'Vida', 'no', 'Vida-3.jpg', 38),
(12, 12, 'Florece color negro', 'si', 'Florece color negro-12.jpg', 38),
(12, 14, 'Salud', 'si', 'Salud-14.jpg', 38),
(12, 15, 'Sé Feliz', 'si', 'Sé Feliz-15.jpg', 38),
(12, 23, 'Florece Negro', 'no', '23-12-Florece Negro.jpg', 0),
(13, 1, 'Calaveras', 'no', 'Calaveras-1.jpg', 39),
(13, 12, 'Florece color blanco', 'si', 'Florece color blanco-12.jpg', 39),
(13, 14, 'Policia', 'si', 'Policia-14.jpg', 39),
(13, 15, 'PIJ 13', 'si', 'PIJ 13-15.jpg', 39),
(13, 23, 'Florece Blanco', 'no', '23-13-Florece Blanco.jpg', 0),
(14, 12, 'Piña mujer', 'no', 'Piña mujer-12.jpg', 40),
(14, 14, 'Vigilante', 'si', 'Vigilante-14.jpg', 40),
(14, 15, 'PIJ 14', 'si', 'PIJ 14-15.jpg', 40),
(14, 23, 'Piña Negra', 'no', '23-14-Piña Negra.jpg', 0),
(14, 120, 'Piña', 'si', 'Piña-12.jpg', 40),
(15, 14, 'Medico fondo blanco', 'si', 'Medico fondo blanco-14.jpg', 79),
(15, 15, 'PIJ 15', 'si', 'PIJ 15-15.jpg', 79),
(15, 23, 'Biker Negra', 'no', '23-15-Biker Negra.jpg', 0),
(15, 120, 'Biker', 'si', 'Biker-12.jpg', 79),
(16, 12, 'Sueños', 'si', 'Sueños-12.jpg', 41),
(16, 14, 'Enfermera fondo blanco', 'si', 'Enfermera fondo blanco-14.jpg', 41),
(16, 23, 'Sueños Blanca', 'no', '23-16-Sueños Blanca.jpg', 0),
(18, 1, 'Coco', 'si', '1-18-Coco.jpeg', 42),
(18, 2, 'Coco', 'si', '2-18-Coco.jpeg', 42),
(18, 3, 'Coco', 'si', 'Coco-3.jpg', 42),
(18, 4, 'Coco', 'si', 'Coco-4.jpg', 42),
(18, 7, 'Coco', 'si', 'Coco-7.jpg', 42),
(18, 11, 'Coco', 'si', 'Coco-11.jpg', 42),
(18, 12, 'Energía', 'si', 'Energía-12.jpg', 42),
(18, 23, 'Energía Blanca', 'no', '23-18-Energía Blanca.jpg', 0),
(19, 1, 'Locura', 'no', 'Locura-1.jpg', 43),
(19, 12, 'Energía color negro', 'si', 'Energía color negro-12.jpg', 43),
(19, 14, 'Bombero', 'si', 'Bombero-14.jpg', 43),
(19, 23, 'Energía Negro', 'no', '23-19-Energía Negro.jpg', 0),
(20, 1, 'Militar', 'no', 'Militar-1.jpg', 0),
(20, 3, 'Militar', 'no', 'Militar-3.jpg', 0),
(20, 7, 'Militar', 'no', 'Militar-7.jpg', 0),
(20, 14, 'Agricultor', 'si', 'Agricultor-14.jpg', 0),
(21, 1, 'Sé feliz', 'no', 'Sé feliz-1.jpg', 0),
(21, 3, 'Sé Feliz', 'si', 'Sé Feliz-3.jpg', 0),
(21, 4, 'Sé feliz', 'si', 'Sé feliz-4.jpg', 0),
(21, 7, 'Sé Feliz', 'si', 'Sé Feliz-7.jpg', 0),
(21, 14, 'Profesora', 'si', 'Profesora-14.jpg', 0),
(22, 1, 'Café', 'si', '1-22-Cafe.jpeg', 44),
(22, 12, 'Perro amor color negro', 'si', 'Perro amor color negro-12.jpg', 44),
(22, 14, 'Muelitas', 'si', 'Muelitas-14.jpg', 44),
(22, 23, 'Perro Amor Negro', 'no', '23-22-Perro Amor Negro.jpg', 0),
(23, 1, 'Negro Gris', 'si', '1-23-Negro Gris.jpeg', 45),
(23, 12, 'Perro amor', 'si', 'Perro amor-12.jpg', 45),
(23, 14, 'Veterinario', 'si', 'Veterinario-14.jpg', 45),
(23, 23, 'Perro Amor Blanca', 'no', '23-23-Perro Amor Blanca.jpg', 0),
(24, 1, 'Azul con rojo', 'si', '1-24-Azul Rojo.jpeg', 1000),
(24, 2, 'Azul Rojo', 'si', '2-24-Azul Rojo.jpeg', 1000),
(24, 12, 'Ojo de Dios ', 'no', 'Ojo de Dios -12.jpg', 1000),
(24, 14, 'Cruz Roja', 'si', 'Cruz Roja-14.jpg', 1000),
(25, 1, 'Carrusel', 'no', 'Carrusel-1.jpg', 1000),
(25, 3, 'Carrusel', 'no', 'Carrusel-3.jpg', 1000),
(25, 12, 'Ojo de Dios color negro', 'no', 'Ojo de Dios color negro-12.jpg', 1000),
(25, 14, 'Defensa Civil', 'si', 'Defensa Civil-14.jpg', 1000),
(26, 1, 'Virgen', 'si', '1-26-Virgen.jpeg', 46),
(26, 2, 'Virgen', 'si', '2-26-Virgen.jpeg', 46),
(26, 3, 'Virgen', 'no', 'Virgen-3.jpg', 46),
(26, 14, 'Chef', 'si', 'Chef-14.jpg', 46),
(26, 23, 'Biker Dorada', 'no', '23-26-Biker Dorada.jpg', 0),
(26, 120, 'Biker dorada', 'si', 'Biker dorada-12.jpg', 46),
(27, 1, 'París', 'si', '1-27-Paris.jpeg', 47),
(27, 2, 'París', 'si', '2-27-Paris.jpeg', 47),
(27, 12, 'Guerrera', 'si', 'Guerrera-12.jpg', 47),
(27, 14, 'Domicilio', 'si', 'Domicilio-14.jpg', 47),
(27, 23, 'Guerrera Negra', 'no', '23-27-Guerrera Negra.jpg', 0),
(28, 3, 'Esperanza', 'no', 'Esperanza-3.jpg', 1000),
(28, 4, 'Esperanza', 'si', '4-28-Esperanza.jpeg', 0),
(28, 12, 'Crear color negro', 'no', 'Crear color negro-12.jpg', 1000),
(28, 14, 'Reciclador', 'si', 'Reciclador-14.jpg', 1000),
(29, 1, 'Sencillez', 'no', 'Sencillez-1.jpg', 1000),
(29, 12, 'Petronia', 'no', 'Petronia-12.jpg', 1000),
(29, 14, 'Militar', 'si', 'Militar-14.jpg', 1000),
(30, 12, 'Petronea color negro', 'no', 'Petronea color negro-12.jpg', 1000),
(30, 14, 'Animal Print', 'si', 'Animal Print-14.jpg', 1000),
(31, 1, 'Arcoiris', 'no', 'Arcoiris-1.jpg', 1000),
(31, 3, 'Arcoiris', 'no', 'Arcoiris-3.jpg', 1000),
(31, 7, 'Arcoiris', 'no', 'Arcoiris-7.jpg', 1000),
(31, 12, 'Mágica', 'no', 'Mágica-12.jpg', 1000),
(31, 14, 'Rediactivo', 'si', 'Rediactivo-14.jpg', 1000),
(32, 1, 'Rosas', 'no', 'Rosas-1.jpg', 1000),
(32, 2, 'Rosas', 'no', 'Rosas-2.jpg', 1000),
(32, 12, 'Girasol color negro', 'no', 'Viajera color negro-12.jpg', 1000),
(32, 14, 'Florecer', 'si', 'Florecer-14.jpg', 1000),
(33, 12, 'Girasol', 'no', 'Viajera-12.jpg', 1000),
(33, 14, 'Constructor', 'si', 'Constructor-14.jpg', 1000),
(34, 1, 'Plumas', 'no', 'Plumas-1.jpg', 1000),
(34, 12, 'Ámate color negro', 'no', 'Amate color negro-12.jpg', 1000),
(34, 14, 'Azul Oscuro', 'si', 'Azul Oscuro-14.jpg', 1000),
(35, 3, 'Pepas', 'no', 'Pepas-3.jpg', 1000),
(35, 4, 'Pepas', 'no', 'Pepas-4.jpg', 1000),
(35, 12, 'Paz Interior', 'no', 'Paz Interior-12.jpg', 1000),
(35, 14, 'Blanco', 'si', 'Blanco-14.jpg', 1000),
(36, 4, 'Seguridad', 'no', 'Seguridad-4.jpg', 1000),
(36, 7, 'Seguridad', 'no', 'Seguridad-7.jpg', 1000),
(36, 12, 'Paz Interior color negro', 'no', 'Paz Interior color negro-12.jpg', 1000),
(36, 14, 'Verde', 'si', 'Verde-14.jpg', 1000),
(37, 1, 'Flores moradas', 'no', '1-37-Flores moradas.jpeg', 48),
(37, 2, 'Flores Moradas', 'no', '2-37-Flores Moradas.jpeg', 48),
(37, 12, 'Siempre soñadora', 'si', 'Siempre soñadora-12.jpg', 48),
(37, 14, 'Diamantes', 'si', 'Diamantes-14.jpg', 48),
(37, 23, 'Siempre Soñadora Blanca', 'no', '23-37-Siempre Soñadora Blanca.jpg', 0),
(38, 12, 'Fe color negro', 'si', 'Fe color negro-12.jpg', 49),
(38, 14, 'Estrellas', 'si', 'Estrellas-14.jpg', 49),
(38, 23, 'Fe Negra', 'no', '23-38-Fe Negra.jpg', 0),
(39, 1, 'Precolombino', 'si', '1-39-Precolombino.jpeg', 50),
(39, 2, 'Precolombino', 'si', '2-39-Precolombino.jpeg', 50),
(39, 3, 'Precolombino', 'no', 'Precolombino-3.jpg', 50),
(39, 12, 'Fe', 'si', 'Fe-12.jpg', 50),
(39, 14, 'Aviones', 'si', 'Aviones-14.jpg', 50),
(39, 23, 'Fé Blanca', 'si', '23-39-Fé Blanca.jpeg', 0),
(40, 12, 'Brilla', 'si', 'Brilla-12.png', 51),
(40, 14, 'Ternura', 'si', 'Ternura-14.jpg', 51),
(40, 23, 'Brilla', 'no', '23-40-Brilla.png', 0),
(41, 1, 'Anclas', 'si', '1-41-Anclas.jpeg', 1000),
(41, 12, 'las Vegas', 'no', 'Blas Vegas-12.jpg', 1000),
(41, 14, 'Círculos', 'si', 'Círculos-14.jpg', 1000),
(42, 12, 'Las Vegas color negro', 'no', 'Las Vegas color negro-12.jpg', 1000),
(42, 14, 'Rosas', 'si', 'Rosas-14.jpg', 1000),
(43, 1, 'Arabesco', 'no', '1-43-Arabescos.jpeg', 52),
(43, 2, 'Arabesco', 'no', '2-43-Arabesco.jpeg', 52),
(43, 12, 'Sé feliz color negro', 'si', 'Sé feliz color negro-12.jpg', 52),
(43, 14, 'Arte', 'si', 'Arte-14.jpg', 52),
(43, 23, 'Sé Feliz', 'no', '23-43-Sé Feliz.jpg', 0),
(44, 1, 'Lagartijas', 'no', 'Lagartijas-1.jpg', 80),
(44, 14, 'Fe', 'si', 'Fe-14.jpg', 80),
(44, 23, 'Amazonas', 'no', '23-44-Amazonas.jpg', 0),
(44, 120, 'Amazonas', 'si', 'Amazonas-120.jpg', 80),
(45, 12, 'Fuerza', 'no', 'Fuerza-12.jpg', 1000),
(45, 14, 'Mariposas amarillas', 'si', 'Mariposas amarillas-14.jpg', 1000),
(46, 12, 'Armonía', 'si', 'Armonia-12.jpg', 33),
(46, 14, 'Unicornio', 'si', 'Unicornio-14.jpg', 33),
(46, 23, 'Armonía Blanca', 'si', '23-46-Armonía Blanca.jpeg', 0),
(47, 1, 'Negro', 'si', '1-47-Negro.jpeg', 32),
(47, 2, 'Negro', 'si', '2-47-Negro.jpeg', 32),
(47, 3, 'Negro', 'si', 'Negro-3.jpg', 32),
(47, 4, 'Negro', 'si', 'Negro-4.jpg', 32),
(47, 9, 'Leggings Negro', 'si', '9-47-Negro1.jpeg', 32),
(47, 12, 'Leona Negro', 'si', 'Leona Negro-12.jpg', 32),
(47, 14, 'Fatima', 'si', 'Fatima-14.jpg', 32),
(47, 16, 'Negro', 'si', '16-47-Negro1.jpeg', 32),
(47, 23, 'Leona Negra', 'no', '23-47-Leona Negra.jpg', 0),
(48, 12, 'Leona Blanco', 'si', 'Leona Blanco-12.jpg', 31),
(48, 14, 'Amazonas', 'si', 'Amazonas-14.jpg', 31),
(48, 23, 'Leona Blanca', 'no', '23-48-Leona Blanca.jpg', 0),
(49, 1, 'Camel', 'no', 'Camel-1.jpg', 30),
(49, 12, 'Panditas Negro', 'si', 'Panditas Negro-12.jpg', 30),
(49, 14, 'Sirenita', 'si', 'Sirenita-14.jpg', 30),
(49, 23, 'Panditas Negra', 'no', '23-49-Panditas Negra.jpg', 0),
(50, 1, 'Indios', 'no', 'indios-1.jpg', 29),
(50, 12, 'Panditas Blanco', 'si', 'Panditas Blanco-12.jpg', 29),
(50, 14, 'Elefante', 'si', 'Elefante-14.jpg', 29),
(50, 23, 'Panditas Blanca', 'no', '23-50-Panditas Blanca.jpg', 0),
(51, 1, 'Verde', 'si', '1-51-Verde.jpeg', 28),
(51, 12, 'Elefante Negro', 'si', 'Elefante Negro-12.jpg', 28),
(51, 14, 'Bici', 'si', 'Bici-14.jpg', 28),
(51, 23, 'Elefante Negro', 'no', '23-51-Elefante Negro.jpg', 0),
(52, 12, 'Elefante Blanco', 'si', 'Elefante Blanco-12.jpg', 27),
(52, 14, 'Ciclista', 'si', 'Ciclista-14.jpg', 27),
(52, 23, 'Elefante Blanco', 'no', '23-52-Elefante Blanco.jpg', 0),
(53, 1, 'Cuadros', 'no', 'Cuadros-1.jpg', 24),
(53, 12, 'Majestuosidad', 'si', 'Mariposa rosa-12.jpg', 24),
(53, 14, 'Soy magia', 'si', 'Soy magia-14.jpg', 24),
(53, 23, 'Majestuosidad Blanca', 'si', '23-53-Majestuosidad Blanca.jpeg', 0),
(54, 1, 'Fucsia', 'no', 'Fucsia-1.jpg', 26),
(54, 12, 'Amanecer', 'si', 'Amanecer-12.jpg', 26),
(54, 14, 'Taxista', 'si', 'Taxista-14.jpg', 26),
(54, 23, 'Amanecer Blanca', 'si', '23-54-Amanecer Blanca.jpeg', 0),
(55, 1, 'Beige', 'si', '1-55-Beige.jpeg', 25),
(55, 12, 'Amanecer Negra', 'si', 'Amanecer Negra-12.jpg', 25),
(55, 14, 'Moto', 'si', 'Moto-14.jpg', 25),
(55, 23, 'Amanecer Negra', 'no', '23-55-Amanecer Negra.jpg', 0),
(56, 1, 'Rojo', 'si', '1-56-Rojo.jpeg', 78),
(56, 2, 'Rojo', 'si', '2-56-Rojo.jpeg', 78),
(56, 3, 'Coral', 'si', 'Coral-3.jpg', 78),
(56, 4, 'Coral', 'no', 'Coral-4.jpg', 78),
(56, 14, 'Gris', 'si', 'Gris-14.jpg', 78),
(56, 23, 'Biker Blanco', 'no', '23-56-Biker Blanco.jpeg', 0),
(56, 120, 'Biker Blanco', 'si', '120-56-Biker Blanco.jpeg', 78),
(57, 1, 'Blanco', 'si', '1-57-Blanco.jpeg', 0),
(57, 3, 'Blanco', 'si', 'Blanco-3.jpg', 0),
(57, 4, 'Blanco', 'si', 'Blanco-4.jpg', 0),
(57, 14, 'Dragon', 'si', 'Dragon-14.jpg', 0),
(58, 12, 'Leopardo', 'si', 'Leopardo-12.jpg', -20),
(58, 14, 'Cebra', 'si', 'Cebra-14.jpg', 17),
(58, 23, 'Leopardo', 'si', '23-58-Leopardo.jpeg', 0),
(59, 12, 'Majestuosidad Negro', 'si', 'Majestuosidad Negro-12.jpg', 23),
(59, 14, 'Poder', 'si', 'Poder-14.jpg', 23),
(59, 23, 'Majestuosidad Negra', 'no', '23-59-Majestuosidad Negra.jpg', 0),
(60, 1, 'Peri', 'si', '1-60-Peri.jpeg', 16),
(60, 2, 'Peri', 'si', '2-60-Peri.jpeg', 16),
(60, 3, 'Peri', 'no', 'Peri-3.jpg', 16),
(60, 12, 'Negra', 'si', 'Negra-12.jpg', -30),
(60, 14, 'Tokio', 'si', 'Tokio-14.jpg', 16),
(60, 23, 'Negra', 'no', '23-60-Negra.jpg', 0),
(61, 1, 'Caballo', 'no', 'Caballo-1.jpg', 0),
(61, 14, 'Profesor', 'si', 'Profesor-14.jpg', 0),
(62, 1, 'Mariposas', 'si', '1-62-Mariposas.jpeg', 0),
(62, 2, 'Mariposas', 'si', '2-62-Mariposas.jpeg', 0),
(62, 3, 'Mariposas', 'si', 'Mariposas-3.jpg', 0),
(62, 4, 'Mariposas', 'si', 'Mariposas-4.jpg', 0),
(62, 7, 'Mariposas', 'si', '7-62-Mariposas.jpeg', 0),
(62, 11, 'Mariposas', 'si', 'Mariposas-11.jpg', 0),
(62, 14, 'Se Feliz', 'si', 'SeFeliz-14.jpg', 0),
(63, 1, 'Jesus', 'no', 'Jesus-1.jpg', 0),
(63, 14, 'Calaveras', 'si', 'Calaveras-14.jpg', 0),
(64, 1, 'Circo', 'no', '1-64-Circo.jpeg', 15),
(64, 2, 'Circo', 'no', '2-64-Circo.jpeg', 15),
(64, 12, 'cam-64', 'si', 'cam-64-12.jpg', -25),
(64, 14, 'Eternidad', 'si', 'Eternidad-14.jpg', 15),
(64, 23, 'Empoderada', 'no', '23-64-Empoderada.jpg', 0),
(65, 1, 'Colombia', 'si', '1-65-colombia.jpeg', 18),
(65, 12, 'cam 65', 'si', 'cam 65-12.jpg', 18),
(65, 14, 'Princesita', 'si', 'Princesita-14.jpg', 18),
(65, 23, 'Soñadora Blanca', 'no', '23-65-Soñadora Blanca.jpg', 0),
(66, 1, 'Frida', 'si', '1-66-Frida.jpeg', 19),
(66, 2, 'Frida', 'si', 'Frida-2.jpg', 19),
(66, 12, 'Soñadora Negra', 'si', '12-66-Soñadora Negra.jpeg', 19),
(66, 14, 'Principito', 'si', 'Principito-14.jpg', 19),
(66, 23, 'Soñadora Negra', 'no', '23-66-Soñadora Negra.jpeg', 0),
(67, 1, 'Cafe camel', 'no', 'Cafe camel-1.jpg', 54),
(67, 14, 'Gol', 'si', 'Gol-14.jpg', 54),
(67, 23, 'Toda Negra', 'no', '23-67-Toda Negra.jpg', 0),
(67, 120, 'Toda Negra', 'si', 'Toda Negra-120.jpg', 54),
(68, 1, 'Fresa', 'no', 'Fresa-1.jpg', 0),
(68, 14, 'Dinosaurious', 'si', 'Dinosaurious-14.jpg', 0),
(69, 1, 'Chicle', 'no', 'Chicle-1.jpg', 0),
(69, 14, 'Moticos', 'si', 'Moticos-14.jpg', 0),
(70, 1, 'Amarillo', 'no', 'Amarillo-1.jpg', 14),
(70, 12, 'Mariposas Negras', 'si', 'Mariposas Negras-12.jpg', -35),
(70, 14, 'Armonía', 'si', 'Armonía-14.jpg', 14),
(70, 23, 'Mariposas Negras', 'si', '23-70-Mariposas Negras.jpeg', 0),
(71, 1, 'Bicis', 'si', '1-71-Bicis.jpeg', 0),
(71, 2, 'Bicis', 'si', '2-71-Bicis.jpeg', 0),
(71, 14, 'Queen', 'si', 'Queen-14.jpg', 0),
(72, 1, 'Animal print', 'no', 'Animal print-1.jpg', 0),
(72, 2, 'Animal Print', 'no', 'Animal Print-2.jpg', 0),
(72, 14, 'King', 'si', 'King-14.jpg', 0),
(73, 1, 'Atrapasueños', 'si', '1-73-Atrapasueños.jpeg', 13),
(73, 2, 'Atrapasueños', 'si', '2-73-Atrapasueños.jpeg', 13),
(73, 12, 'Bonita', 'si', 'Bonita-12.jpg', -40),
(73, 14, 'Player 2', 'si', 'Player 2-14.jpg', 13),
(73, 23, 'Bonita', 'no', '23-73-Bonita.jpg', 0),
(74, 1, 'Granos de café', 'no', 'Granos de café-1.jpg', 82),
(74, 14, 'Player 1', 'si', 'Player 1-14.jpg', 82),
(74, 23, 'Reflectiva', 'no', '23-74-Reflectiva.jpg', 0),
(74, 120, 'Reflectiva', 'si', 'Reflectiva-120.jpg', 82),
(75, 12, 'Armonía Negra', 'no', '12-75-Armonía Negra.jpeg', 0),
(75, 14, 'Telescopio', 'si', 'Telescopio-14.jpg', 0),
(76, 1, 'Cats', 'si', '1-76-Cats.jpeg', 81),
(76, 2, 'Cats', 'si', '2-76-Cats.jpeg', 81),
(76, 14, 'Cielo', 'si', 'Cielo-14.jpg', 81),
(76, 23, 'Calavera', 'no', '23-76-Calavera.jpg', 0),
(76, 120, 'Calavera', 'si', 'Calavera-120.jpg', 81),
(77, 1, 'Naranja', 'no', 'Naranja-1.jpg', 22),
(77, 12, 'Guadalupe', 'si', 'Guadalupe-12.jpg', 22),
(77, 14, 'Llave', 'si', 'Llave-14.jpg', 22),
(77, 23, 'Guadalupe Blanca', 'no', '23-77-Guadalupe Blanca.jpg', 0),
(78, 1, 'Marihuana', 'no', 'Marihuana-1.jpg', 0),
(78, 14, 'Candado', 'si', 'Candado-14.jpg', 0),
(79, 1, 'Fiesta', 'no', 'Fiesta-1.jpg', 53),
(79, 14, 'Tolerancia', 'si', 'Tolerancia-14.jpg', 53),
(79, 23, 'Toda Blanca', 'no', '23-79-Toda Blanca.jpeg', 0),
(79, 120, 'Toda Blanca', 'si', '120-79-Toda Blanca.jpeg', 53),
(80, 1, 'Mándalas', 'no', '1-80-Mandalas.jpeg', 12),
(80, 2, 'Mandalas', 'no', '2-80-Mandalas.jpeg', 12),
(80, 12, 'Serenidad', 'si', '12-80-Serenidad.jpeg', -45),
(80, 14, 'Empatia', 'si', 'Empatia-14.jpg', 12),
(80, 23, 'Serenidad', 'si', '23-80-Serenidad.jpeg', 0),
(81, 1, 'Limón', 'no', 'Limón-1.jpg', 0),
(81, 12, 'Salvaje', 'si', '12-81-Salvaje.jpeg', -50),
(81, 14, 'Te amo', 'si', 'Te amo-14.jpg', 0),
(81, 23, 'Salvaje', 'no', '23-81-Salvaje.jpeg', 0),
(82, 1, 'Música ', 'no', '1-82-Música .jpeg', 0),
(82, 12, 'Aceptacion', 'si', '12-82-Aceptacion.jpeg', -55),
(82, 14, 'Te amo mas', 'si', 'Te amo mas-14.jpg', 0),
(82, 23, 'Aceptación', 'si', '23-82-Aceptación.jpeg', 0),
(83, 1, 'Rayas coral', 'no', 'Rayas coral-1.jpg', 76),
(83, 2, 'Rayas Coral', 'no', 'Rayas Coral-2.jpg', 76),
(83, 3, 'Rayas caral', 'no', 'Rayas caral-3.jpg', 76),
(83, 14, 'TAP-83', 'si', 'TAP-83-14.jpg', 76),
(83, 23, 'Tropical', 'no', '23-83-Tropical.jpeg', 0),
(83, 120, 'Tropical', 'si', '120-83-Tropical.jpeg', 76),
(84, 12, 'Sutil', 'si', '12-84-Sutil.jpeg', 20),
(84, 14, 'TAP-84', 'si', 'TAP-84-14.jpg', 20),
(84, 23, 'Sutil', 'no', '23-84-Sutil.jpeg', 0),
(85, 12, 'Sutil negra', 'si', '12-85-Sutil negra.jpg', 21),
(85, 14, 'Sonrisa', 'no', 'Sonrisa-14.jpg', 21),
(85, 23, 'Sutil Negra', 'no', '23-85-Sutil Negra.jpg', 0),
(86, 1, 'Sombrero vueltiao', 'si', '1-86-Sombrero Vueltiao.jpeg', 0),
(86, 2, 'Sombrero vueltiao', 'si', '2-86-Sombrero Vueltiao.jpeg', 0),
(86, 3, 'Sombrero vueltiao', 'no', 'Sombrero vueltiao-3.jpg', 0),
(86, 14, 'Monstruo', 'no', 'Monstruo-14.jpg', 0),
(87, 1, 'Pizza', 'no', 'Pizza-1.jpg', 77),
(87, 14, 'Fantasma', 'no', 'Fantasma-14.jpg', 77),
(87, 23, 'Tropical Negra', 'no', '23-87-Tropical Negra.jpeg', 0),
(87, 120, 'Tropical Negro', 'si', '120-87-Tropical Negro.jpeg', 77),
(88, 12, 'Valentía', 'si', '12-88-Valentía.jpeg', -70),
(88, 14, 'Dracula', 'no', 'Dracula-14.jpg', 0),
(88, 23, 'Valentía', 'no', '23-88-Valentía.jpeg', 0),
(89, 1, 'Vinotinto', 'si', '1-89-vinotinto.jpeg', 0),
(89, 2, 'Vinotinto', 'si', '2-89-Vinotinto.jpeg', 0),
(89, 12, 'Cuadritos Negros', 'si', '12-89-Cuadritos Negros.jpeg', -75),
(89, 14, 'Craneo', 'si', 'Craneo-14.jpg', 0),
(89, 23, 'Cuadritos Negros', 'no', '23-89-Cuadritos Negros.jpeg', 0),
(90, 1, 'Culebra', 'no', '1-90-Culebra.jpeg', 0),
(90, 12, 'Florecitas', 'si', '12-90-Florecitas.jpeg', -80),
(90, 14, 'Salem', 'si', 'Salem-14.jpg', 0),
(90, 23, 'Florecitas', 'no', '23-90-Florecitas.jpeg', 0),
(91, 12, 'Cerezas', 'si', '12-91-Cerezas.jpeg', -85),
(91, 14, 'Calabaza', 'no', 'Calabaza-14.jpg', 0),
(91, 23, 'Cerezas', 'no', '23-91-Cerezas.jpeg', 0),
(92, 3, 'Sencillez', 'no', 'Sencillez-3.jpg', 0),
(92, 4, 'Sencillez', 'no', 'Sencillez-4.jpg', 0),
(92, 12, 'Cuadritos Azules', 'si', '12-92-Cuadritos Azules.jpeg', -90),
(92, 14, 'Michi', 'si', 'Michi-14.jpg', 0),
(92, 23, 'Cuadritos Azules', 'no', '23-92-Cuadritos Azules.jpeg', 0),
(93, 12, 'Bondad', 'si', '12-93-Bondad.jpeg', -95),
(93, 14, 'Curiosidad', 'si', 'tap 93-14.jpg', 0),
(93, 23, 'Bondad', 'no', '23-93-Bondad.jpeg', 0),
(94, 12, 'Pink', 'si', '12-94-Pink.jpeg', -60),
(94, 14, 'Flamenco amor', 'si', 'tap 94-14.jpg', 0),
(94, 23, 'Pink', 'no', '23-94-Pink.jpeg', 0),
(95, 12, 'Líneas Moraditas', 'si', '12-95-Líneas Moraditas.jpeg', -65),
(95, 14, 'Corazón Print', 'si', 'tap 95-14.jpg', 0),
(95, 23, 'Líneas Moraditas', 'no', '23-95-Líneas Moraditas.jpeg', 0),
(96, 12, 'Determinación', 'si', '12-96-Determinación.jpeg', -100),
(96, 14, 'Universo', 'si', 'tap 96-14.jpg', 0),
(96, 23, 'Determinación', 'no', '23-96-Determinación.jpeg', 0),
(97, 14, 'Ojito', 'si', 'tap 97-14.jpg', 75),
(97, 23, 'Cráneo Blanco', 'no', '23-97-Cráneo Blanco.jpeg', 0),
(97, 120, 'Cráneo Blanco', 'si', '120-97-Cráneo Blanco.jpeg', 75),
(98, 1, 'Pastor Alemán ', 'no', '1-98-Pastor Alemán .jpeg', 0),
(98, 14, 'Desapego', 'si', 'Desapego-14.jpg', 74),
(98, 23, 'Cráneo Negro', 'no', '23-98-Cráneo Negro.jpeg', 0),
(98, 120, 'Cráneo Negro', 'si', '120-98-Cráneo Negro.jpeg', 74),
(99, 14, 'Mariposas Negras', 'si', 'Mariposas Negras-14.jpg', 73),
(99, 23, 'Alien Blanca', 'no', '23-99-Alien Blanca.jpeg', 0),
(99, 120, 'Alien Blanco', 'si', '120-99-Alien Blanco.jpeg', 73),
(100, 23, 'Alien Negro', 'no', '23-100-Alien Negro.jpeg', 0),
(100, 120, 'Alien Negro', 'si', '120-100-Alien Negro.jpeg', 72),
(101, 23, 'Moto Negra', 'no', '23-101-Moto Negra.jpeg', 0),
(101, 120, 'Moto Negro', 'si', '120-101-Moto Negro.jpeg', 71),
(102, 23, 'Moto Blanca', 'no', '23-102-Moto Blanca.jpeg', 0),
(102, 120, 'Moto Blanco', 'si', '120-102-Moto Blanco.jpeg', 70),
(103, 23, 'Calaca Blanca', 'no', '23-103-Calaca Blanca.jpeg', 0),
(103, 120, 'Calaca Blanca', 'si', '120-103-Calaca Blanca.jpeg', 69),
(104, 23, 'Calaca Negro', 'no', '23-104-Calaca Negro.jpeg', 0),
(104, 120, 'Calaca Negro', 'si', '120-104-Calaca Negro.jpeg', 68),
(105, 23, 'Carro Blanco', 'no', '23-105-Carro Blanco.jpeg', 0),
(105, 120, 'Carro Blanco', 'si', '120-105-Carro Blanco.jpeg', 67),
(106, 23, 'Carro Negro', 'no', '23-106-Carro Negro.jpeg', 0),
(106, 120, 'Carro Negro', 'si', '120-106-Carro Negro.jpeg', 66),
(107, 23, 'Tiburón Blanco', 'no', '23-107-Tiburón Blanco.jpeg', 0),
(107, 120, 'Tiburón Blanco', 'si', '120-107-Tiburón Blanco.jpeg', 65),
(108, 23, 'Tiburón Negro', 'no', '23-108-Tiburón Negro.jpeg', 0),
(108, 120, 'Tiburón Negro', 'si', '120-108-Tiburón Negro.jpeg', 64),
(109, 1, 'Pony', 'no', 'Pony-1.jpg', 63),
(109, 23, 'Trucha Blanco', 'no', '23-109-Trucha Blanco.jpeg', 0),
(109, 120, 'Trucha Blanco', 'si', '120-109-Trucha Blanco.jpeg', 63),
(110, 1, 'Persa', 'no', 'Persa-1.jpg', 62),
(110, 23, 'Trucha Negro', 'no', '23-110-Trucha Negro.jpeg', 0),
(110, 120, 'Trucha Negro', 'si', '120-110-Trucha Negro.jpeg', 62),
(111, 1, 'Lirio', 'no', '1-111-Lirio.jpeg', 61),
(111, 2, 'Lirio', 'no', '2-111-Lirio.jpeg', 61),
(111, 3, 'Lirio', 'no', 'Lirio-3.jpg', 61),
(111, 4, 'Lirio', 'no', 'Lirio-4.jpg', 61),
(111, 23, 'Avión Blanco', 'no', '23-111-Avión Blanco.jpeg', 0),
(111, 120, 'Avión Blanco', 'si', '120-111-Avión Blanco.jpeg', 61),
(112, 1, 'Cactus', 'si', '1-112-Cactus.jpeg', 60),
(112, 2, 'Cactus', 'si', '2-112-Cactus.jpeg', 60),
(112, 3, 'Cactus', 'no', 'Cactus-3.jpg', 60),
(112, 23, 'Avión Negro', 'no', '23-112-Avión Negro.jpeg', 0),
(112, 120, 'Avión Negro', 'si', '120-112-Avión Negro.jpeg', 60),
(113, 1, 'volkswagen', 'no', 'volkswagen-1.jpg', 59),
(113, 23, 'Simio Blanco', 'no', '23-113-Simio Blanco.jpeg', 0),
(113, 120, 'Simio Blanco', 'si', '120-113-Simio Blanco.jpeg', 59),
(114, 1, 'Étnico', 'si', '1-114-Etnico.jpeg', 58),
(114, 2, 'Étnico', 'si', '2-114-Etnico.jpeg', 58),
(114, 23, 'Simio Negra', 'no', '23-114-Simio Negra.jpeg', 0),
(114, 120, 'Simio Negra', 'si', '120-114-Simio Negra.jpeg', 58),
(115, 23, 'Dragón Blanco', 'no', '23-115-Dragón Blanco.jpeg', 0),
(115, 120, 'Dragón Blanco', 'si', '120-115-Dragón Blanco.jpeg', 57),
(116, 23, 'Dragón Negro', 'no', '23-116-Dragón Negro.jpeg', 0),
(116, 120, 'Dragón Negro', 'si', '120-116-Dragón Negro.jpeg', 56),
(117, 1, 'Miel', 'si', '1-117-Miel.jpeg', 55),
(117, 2, 'Miel', 'si', '2-117-Miel.jpeg', 55),
(117, 23, 'Oso Blanco', 'no', '23-117-Oso Blanco.jpeg', 0),
(117, 120, 'Oso Blanco', 'si', '120-117-Oso Blanco.jpeg', 55),
(118, 1, 'Espinas', 'no', 'Espinas-1.jpg', 0),
(118, 2, 'Espinas', 'no', 'Espinas-2.jpg', 0),
(118, 3, 'Espinas', 'no', 'Espinas-3.jpg', 0),
(119, 1, 'Atrevido', 'no', 'Atrevido-1.jpg', 0),
(119, 23, 'Pony Blanca', 'si', '23-119-Pony Blanca.jpeg', 0),
(120, 1, 'Rock', 'no', 'Rock-1.jpg', 0),
(120, 23, 'Dinosaurio Blanca', 'si', '23-120-Dinosaurio Blanca.jpeg', 0),
(121, 1, 'Sueños', 'no', 'Sueños-1.jpg', 0),
(121, 2, 'Sueños', 'no', 'Sueños-2.jpg', 0),
(121, 23, 'Avioncito Blanca', 'si', '23-121-Avioncito Blanca.jpeg', 0),
(122, 1, 'Viajeras', 'no', 'Viajeras-1.jpg', 0),
(122, 2, 'Viajeras', 'no', 'Viajeras-2.jpg', 0),
(122, 23, 'Sirenita Blanca', 'si', '23-122-Sirenita Blanca.jpeg', 0),
(123, 1, 'Fugaz', 'no', '1-123-Fugaz.jpeg', 0),
(123, 2, 'Fugaz', 'no', '2-123-Fugaz.jpeg', 0),
(123, 3, 'fugas', 'no', 'fugas-3.jpg', 0),
(123, 23, 'Espacial Blanca', 'si', '23-123-Espacial Blanca.jpeg', 0),
(124, 23, 'Inocencia Blanca', 'si', '23-124-Inocencia Blanca.jpeg', 0),
(125, 1, 'Love', 'si', '1-125-Love.jpeg', 0),
(125, 2, 'Love', 'si', '2-125-Love.jpeg', 0),
(125, 3, 'Love', 'no', 'Love-3.jpg', 0),
(125, 4, 'Love', 'no', 'Love-4.jpg', 0),
(125, 23, 'Gol Blanca', 'si', '23-125-Gol Blanca.jpeg', 0),
(126, 1, 'Diamantes', 'no', 'Diamantes-1.jpg', 0),
(126, 23, 'Ternurita Blanca', 'si', '23-126-Ternurita Blanca.jpeg', 0),
(127, 1, 'Piramides', 'no', 'Piramides-1.jpg', 0),
(127, 23, 'Koalita Blanca', 'si', '23-127-Koalita Blanca.jpeg', 0),
(128, 1, 'Muelitas', 'no', 'Muelitas-1.jpg', 0),
(128, 23, 'Robot Blanca', 'si', '23-128-Robot Blanca.jpeg', 0),
(129, 1, 'Salud', 'si', 'Salud-1.jpg', 0),
(129, 23, 'Puercoespin Blanca', 'si', '23-129-Puercoespin Blanca.jpeg', 0),
(130, 1, 'Ocobos', 'si', '1-130-Ocobos.jpeg', 0),
(130, 2, 'Ocobos', 'si', '2-130-Ocobos.jpeg', 0),
(130, 23, 'Burbuja Blanca', 'si', '23-130-Burbuja Blanca.jpeg', 0),
(131, 1, 'Fé', 'no', 'Fé-1.jpg', 0),
(131, 3, 'Fé', 'no', 'Fé-3.jpg', 0),
(131, 4, 'Fe', 'no', 'Fe-4.jpg', 0),
(131, 23, 'Zoológico Blanca', 'si', '23-131-Zoológico Blanca.jpeg', 0),
(132, 1, 'Alegría', 'no', 'Alegría-1.jpg', 0),
(132, 3, 'Alegría ', 'no', 'Alegría -3.jpg', 0),
(132, 23, 'Astronauta Blanca', 'si', '23-132-Astronauta Blanca.jpeg', 0),
(133, 1, 'Felinos', 'no', 'Felinos-1.jpg', 0),
(133, 3, 'Felinos', 'no', 'Felinos-3.jpg', 0),
(133, 23, 'Miquito Blanco', 'si', '23-133-Miquito Blanco.jpeg', 0),
(134, 1, 'Cebra', 'no', 'Cebra-1.jpg', 0),
(134, 3, 'Cebra', 'no', 'Cebra-3.jpg', 0),
(134, 7, 'Cebra', 'no', 'Cebra-7.jpg', 0),
(135, 1, 'BMW', 'si', '1-135-BMW.jpeg', 0),
(136, 1, 'Ajedrez', 'no', 'Ajedrez-1.jpg', 0),
(136, 4, 'Ajedrez', 'no', 'Ajedrez-4.jpg', 0),
(137, 1, 'Gol', 'no', 'Gol-1.jpg', 0),
(138, 1, 'Titis', 'no', 'Titis-1.jpg', 0),
(138, 3, 'Titis', 'no', 'Titis-3.jpg', 0),
(139, 1, 'Púrpura ', 'no', 'Púrpura -1.jpg', 0),
(139, 2, 'Púrpura', 'no', 'Purpura-2.jpg', 0),
(139, 3, 'Floral', 'si', 'Floral-3.jpg', 0),
(139, 4, 'Floral', 'no', 'Floral-4.jpg', 0),
(140, 1, 'Desierto', 'no', 'Desierto-1.jpg', 0),
(140, 3, 'Desierto', 'no', 'Desierto-3.jpg', 0),
(141, 1, 'Primavera', 'no', 'Primavera-1.jpg', 0),
(142, 1, 'Medallo', 'si', '1-142-Medallo.jpeg', 0),
(142, 2, 'Medallo', 'si', '2-142-Medallo.jpg', 0),
(142, 3, 'Medallo', 'no', 'Medallo-3.jpg', 0),
(142, 4, 'Medallo', 'si', 'Medallo-4.jpg', 0),
(143, 1, 'Colores', 'no', 'Colores-1.jpg', 0),
(143, 2, 'Colores', 'no', 'Colores-2.jpg', 0),
(143, 3, 'Colores', 'no', 'Colores-3.jpg', 0),
(143, 4, 'Colores', 'no', 'Colores-4.jpg', 0),
(143, 7, 'Colores', 'no', 'Colores-7.jpg', 0),
(143, 11, 'Colores', 'si', 'Colores-11.jpg', 0),
(144, 1, 'Guacamayas', 'si', 'Guacamayas-1.jpg', 0),
(144, 3, 'Guacamayas', 'no', 'Guacamayas-3.jpg', 0),
(144, 7, 'Guacamayas', 'no', 'Guacamayas-7.jpg', 0),
(144, 11, 'Guacamayas', 'si', 'Guacamayas-11.jpg', 0),
(145, 1, 'Gucci', 'si', '1-145-Guchi.jpeg', 0),
(145, 2, 'Gucci', 'si', '2-145-Gucci.jpeg', 0),
(146, 1, 'Emojis', 'no', 'Emojis-1.jpg', 0),
(146, 3, 'Emojis', 'no', 'Emojis-3.jpg', 0),
(146, 7, 'Emojis', 'no', 'Emojis-7.jpg', 0),
(147, 1, 'Grafiti', 'no', '1-147-Grafiti.jpeg', 0),
(147, 3, 'Grafiti', 'no', 'Grafiti-3.jpg', 0),
(147, 7, 'Grafiti', 'no', 'Grafiti-7.jpg', 0),
(148, 1, 'Toda azul', 'si', '1-148-Toda Azul.jpeg', 0),
(148, 2, 'Toda Azul', 'si', '2-148-Toda Azul.jpeg', 0),
(149, 1, 'Letras', 'no', 'Letras-1.jpg', 0),
(149, 3, 'Letras', 'no', 'Letras-3.jpg', 0),
(149, 4, 'Letras', 'no', 'Letras-4.jpg', 0),
(150, 1, 'Emma', 'no', 'Emma-1.jpg', 0),
(150, 12, 'Empoderamiento Blanca', 'si', '12-150-camiseta 150.jpeg', 0),
(151, 1, 'Floral', 'no', 'Floral-1.jpg', 0),
(151, 2, 'Floral', 'no', 'Floral-2.jpg', 0),
(151, 12, 'Cactus Love Blanca', 'si', '12-151-camiseta 151.jpeg', -2),
(152, 1, 'Corazones de Colores', 'no', 'Corazones de Colores-1.jpg', 0),
(152, 3, 'Corazones de Colores', 'no', 'Corazones de Colores-3.jpg', 0),
(152, 4, 'Corazones de Colores', 'no', 'Corazones de Colores-4.jpg', 0),
(152, 12, 'Cactus Love Negra', 'si', '12-152-camiseta 152.jpeg', -4),
(153, 1, 'Laguna', 'si', '1-153-Laguna.jpeg', 0),
(153, 2, 'Laguna', 'si', '2-153-Laguna.jpeg', 0),
(153, 12, 'Gaticos Blanca', 'si', '12-153-camiseta 153.jpeg', -6),
(154, 1, 'Fuerza', 'si', '1-154-Fuerza.jpeg', 0),
(154, 2, 'Fuerza', 'si', '2-154-Fuerza.jpeg', 0),
(154, 3, 'Fuerza', 'si', 'Fuerza-3.jpg', 0),
(154, 4, 'Fuerza', 'no', 'Fuerza-4.jpg', 0),
(154, 11, 'Fuerza', 'si', 'Fuerza-11.jpg', 0),
(154, 12, 'Gaticos Negra', 'si', '12-154-camiseta 154.jpeg', -8),
(155, 1, 'Cappuccino', 'no', 'Cappuccino-1.jpg', 0),
(155, 12, 'Jeppera Blanca', 'si', '12-155-camiseta 155.jpeg', -10),
(156, 1, 'Lunares', 'no', 'Lunares-1.jpg', 0),
(156, 4, 'Lunares', 'no', 'Lunares-4.jpg', 0),
(156, 12, 'Alma Blanca', 'si', '12-156-camiseta 156.jpeg', -12),
(157, 1, 'Neblina', 'si', 'Neblina-1.jpg', 0),
(157, 2, 'Neblina', 'si', 'Neblina-2.jpg', 0),
(157, 3, 'Neblina', 'no', 'Neblina-3.jpg', 0),
(157, 4, 'Nebrina', 'si', 'Nebrina-4.jpg', 0),
(157, 12, 'Alma Negra', 'si', '12-157-camiseta 157.jpeg', -14),
(158, 1, 'Meta', 'si', '1-158-Meta.jpeg', 0),
(158, 3, 'Meta', 'no', 'Meta-3.jpg', 0),
(158, 7, 'Meta', 'no', 'Meta-7.jpg', 0),
(158, 12, 'Belleza Blanca', 'si', '12-158-camiseta 158.jpeg', -16),
(159, 3, 'Vertical', 'si', 'Vertical-3.jpg', 0),
(159, 7, 'Vertical', 'si', 'Vertical-7.jpg', 0),
(159, 12, 'Belleza Negra', 'si', '12-159-camiseta 159.jpeg', -18),
(160, 3, 'Balvin', 'no', 'Balvin-3.jpg', 0),
(161, 1, 'Rayas azules', 'no', 'Rayas azules-1.jpg', 0),
(161, 3, 'Rayas Azules', 'si', 'Rayas Azules-3.jpg', 0),
(161, 7, 'Rayas Azules', 'si', 'Rayas Azules-7.jpg', 0),
(161, 11, 'Rayas Azules', 'si', 'Rayas Azules-11.jpg', 0),
(162, 1, 'Rayas negras', 'si', '1-162-Rayas Negras.jpeg', 0),
(162, 2, 'Rayas Negras', 'si', 'Rayas Negras-2.jpg', 0),
(162, 12, 'Arbusto', 'si', '12-162-Arbusto1.jpeg', -162),
(163, 1, 'Rayas azul rojo', 'no', 'Rayas azul rojo-1.jpg', 0),
(163, 12, 'Aurora', 'si', '12-163-Aurora.jpeg', -163),
(164, 1, 'Esmeralda', 'no', 'Esmeralda-1.jpg', 0),
(164, 12, 'Amapola', 'si', '12-164-Amapola1.jpeg', -164),
(165, 1, 'Rayas rojas', 'si', '1-165-Rayas Rojas.jpeg', 0),
(165, 3, 'Creo en mi ', 'no', 'Creo en mi -3.jpg', 0),
(165, 12, 'Iris', 'si', '12-165-Iris.jpeg', -165),
(167, 1, 'Rayas Locas', 'si', '1-167-Rayas locas.jpeg', 0),
(167, 4, 'Rayas Locas', 'no', '4-167-Rayas Locas.jpeg', 0),
(167, 7, 'Rayas Locas', 'no', 'Rayas Locas-7.jpg', 0),
(168, 3, 'Rays diagonal', 'no', 'Rays diagonal-3.jpg', 0),
(168, 7, 'Diagonal', 'no', 'Diagonal-7.jpg', 0),
(169, 3, 'Eléctrico ', 'si', 'Eléctrico -3.jpg', 0),
(169, 7, 'Eléctrico ', 'si', 'Eléctrico -7.jpg', 0),
(170, 3, 'Guajira', 'si', 'Guajira-3.jpg', 0),
(170, 4, 'Guajira', 'si', 'Guajira-4.jpg', 0),
(170, 7, 'Guajira', 'si', 'Guajira-7.jpg', 0),
(170, 11, 'Guajira', 'si', 'Guajira-11.jpg', 0),
(171, 3, 'Palmeras', 'si', 'Palmeras-3.jpg', 0),
(171, 4, 'Palmeras', 'si', 'Palmeras-4.jpg', 0),
(171, 7, 'Palmeras', 'si', 'Palmeras-7.jpg', 0),
(171, 11, 'Palmeras', 'si', 'Palmeras-11.jpg', 0),
(172, 1, 'Cebra morada', 'no', 'Cebra morada-1.jpg', 0),
(172, 3, 'Cebra Morada', 'no', 'Cebra Morada-3.jpg', 0),
(175, 1, 'Calma', 'si', '1-175-Calma.jpeg', 0),
(175, 2, 'Calma', 'si', '2-175-Calma.jpeg', 0),
(175, 3, 'Calma', 'no', 'Calma-3.jpg', 0),
(175, 4, 'Calma', 'no', '4-175-Calma.jpeg', 0),
(175, 7, 'Calma', 'no', 'Calma-7.jpg', 0),
(175, 11, 'Calma', 'si', 'Calma-11.jpg', 0),
(176, 3, 'Guerrera', 'no', 'Guerrera-3.jpg', 0),
(177, 1, 'Piñas', 'si', '1-177-Piñas.jpeg', 0),
(177, 2, 'Piñas', 'si', '2-177-Piñas.jpeg', 0),
(177, 3, 'Piñas', 'si', 'Piñas-3.jpg', 0),
(177, 4, 'Piñas', 'si', 'Piñas-4.jpg', 0),
(177, 7, 'Piñas', 'si', 'Piñas-7.jpg', 0),
(177, 11, 'Piñas', 'si', 'Piñas-11.jpg', 0),
(178, 1, 'Panda', 'si', '1-178-Panda.jpeg', 0),
(178, 2, 'Panda', 'si', '2-178-Panda.jpeg', 0),
(179, 1, 'Flamencos', 'si', '1-179-Flamencos.jpeg', 0),
(179, 2, 'Flamencos', 'si', '2-179-Flamencos.jpeg', 0),
(179, 3, 'Flamencos', 'si', 'Flamencos-3.jpg', 0),
(179, 4, 'Flamencos', 'si', 'Flamencos-4.jpg', 0),
(179, 7, 'Flamencos', 'si', 'Flamencos-7.jpg', 0),
(179, 11, 'Flamencos', 'si', 'Flamencos-11.jpg', 0),
(180, 1, 'Claveles ', 'no', 'Claveles -1.jpg', 0),
(181, 1, 'Coctel', 'no', 'Coctel-1.jpg', 0),
(182, 1, 'Helados', 'no', 'Helados-1.jpg', 0),
(185, 1, 'Jardín', 'no', 'Jardín-1.jpg', 0),
(185, 2, 'Jardin', 'si', '2-185-Jardin.jpeg', 0),
(185, 3, 'Jardin', 'no', 'Jardin-3.jpg', 0),
(185, 4, 'Jardin', 'no', 'Jardin-4.jpg', 0),
(186, 1, 'Sol', 'no', 'Sol-1.jpg', 0),
(186, 3, 'Sol', 'no', 'Sol-3.jpg', 0),
(187, 7, 'Amén', 'no', 'Amén-7.jpg', 0),
(188, 1, 'Tiburón', 'no', 'Tiburón-1.jpg', 0),
(188, 3, 'Tiburón', 'si', 'Tiburón-3.jpg', 0),
(188, 4, 'Tiburon', 'si', 'Tiburon-4.jpg', 0),
(188, 7, 'Tiburón', 'si', 'Tiburón-7.jpg', 0),
(189, 3, 'Aire', 'no', 'Aire-3.jpg', 0),
(189, 7, 'Aire', 'no', 'Aire-7.jpg', 0),
(190, 3, 'Disciplina', 'no', 'Disciplina-3.jpg', 0),
(190, 7, 'Disciplina', 'no', 'Disciplina-7.jpg', 0),
(191, 3, 'Luz', 'no', 'Luz-3.jpg', 0),
(191, 7, 'Luz', 'no', 'Luz-7.jpg', 0),
(192, 3, 'Tortugas', 'no', 'Tortugas-3.jpg', 0),
(192, 7, 'Tortugas', 'no', 'Tortugas-7.jpg', 0),
(193, 3, 'Marinero', 'no', 'Marinero-3.jpg', 0),
(193, 4, 'Marinero', 'no', 'Marinero-4.jpg', 0),
(193, 7, 'Marinero', 'no', 'Marinero-7.jpg', 0),
(195, 1, 'Anclas azules', 'si', '1-195-Anclas Azules.jpeg', 0),
(195, 2, 'Anclas Azules', 'si', '2-195-Anclas Azules.jpeg', 0),
(195, 3, 'Anclas Azules', 'si', 'Anclas Azules-3.jpg', 0),
(195, 4, 'Anclas Azules', 'si', 'Anclas Azules-4.jpg', 0),
(195, 7, 'Anclas Azules', 'si', 'Anclas Azules-7.jpg', 0),
(195, 11, 'Anclas Azules', 'si', 'Anclas Azules-11.jpg', 0),
(196, 3, 'Perseverancia', 'no', 'Perseverancia-3.jpg', 0),
(196, 4, 'Perseverancia', 'si', 'Perseverancia-4.jpg', 0),
(196, 7, 'Perseverancia', 'no', 'Perseverancia-7.jpg', 0),
(196, 11, 'Perseverancia', 'si', 'Perseverancia-11.jpg', 0),
(197, 1, 'Perdon', 'no', 'Perdon-1.jpg', 0),
(197, 3, 'Perdón', 'no', 'Perdón-3.jpg', 0),
(197, 7, 'Perdón ', 'no', 'Perdón -7.jpg', 0),
(197, 11, 'Perdón', 'si', 'Perdón-11.jpg', 0),
(198, 1, 'Espiritual', 'no', 'Espiritual-1.jpg', 0),
(198, 3, 'Espiritual', 'no', 'Espiritual-3.jpg', 0),
(198, 7, 'Espiritual', 'no', 'Espiritual-7.jpg', 0),
(199, 3, 'Bendición', 'no', 'Bendición-3.jpg', 0),
(199, 7, 'Bendición', 'no', 'Bendición-7.jpg', 0),
(200, 3, 'Lider', 'no', 'Lider-3.jpg', 0),
(201, 3, 'Panditas', 'no', 'Panditas-3.jpg', 0),
(202, 3, 'Tecnicolor', 'no', 'Tecnicolor-3.jpg', 0),
(203, 1, 'Creatividad', 'si', 'Creatividad-1.jpg', 0),
(203, 2, 'Creatividad', 'si', '2-203-Creatividad.jpeg', 0),
(203, 3, 'Creatividad', 'no', 'Creatividad-3.jpg', 0),
(204, 3, 'Renacer', 'si', 'Renacer-3.jpg', 0),
(204, 7, 'Renacer', 'si', '7-204-Renacer.jpeg', 0),
(204, 11, 'Renacer', 'si', 'Renacer-11.jpg', 0),
(205, 3, 'Ovnis', 'no', 'Ovnis-3.jpg', 0),
(206, 3, 'Yo Puedo', 'no', 'Yo Puedo-3.jpg', 0),
(207, 3, 'Elegancia', 'no', 'Elegancia-3.jpg', 0),
(208, 3, 'Energía ', 'no', 'Energía -3.jpg', 0),
(209, 3, 'Conciencia', 'no', 'Conciencia-3.jpg', 0),
(211, 1, 'Selva', 'no', 'Selva-1.jpg', 0),
(211, 3, 'Selva', 'no', 'Selva-3.jpg', 0),
(211, 7, 'Selva', 'no', 'Selva-7.jpg', 0),
(212, 1, 'Potro', 'si', '1-212-Potro.jpeg', 0),
(212, 3, 'Potro', 'si', 'Potro-3.jpg', 0),
(212, 7, 'Potro', 'si', '7-212-Potro.jpeg', 0),
(213, 3, 'Jara Print', 'no', 'Jara Print-3.jpg', 0),
(214, 3, 'Aliens', 'no', 'Aliens-3.jpg', 0),
(215, 4, 'Rojo', 'si', 'Rojo-4.jpg', 0),
(216, 1, 'Happy', 'no', 'Happy-1.png', 0),
(216, 3, 'Happy', 'no', 'Happy-3.jpg', 0),
(217, 1, 'Libertad', 'si', '1-217-Libertad.jpeg', 0),
(217, 2, 'Libertad', 'si', '2-217-Libertad.jpeg', 0),
(217, 3, 'Libertad', 'si', 'Libertad-3.jpg', 0),
(217, 4, 'Libertad', 'si', 'Libertad-4.jpg', 0),
(217, 11, 'Libertad', 'si', 'Libertad-11.jpg', 0),
(218, 1, 'Miau', 'si', '1-218-Miau.jpeg', 0),
(218, 3, 'Miau', 'no', 'Miau-3.jpg', 0),
(220, 3, 'Amorcito', 'no', 'Amorcito-3.jpg', 0),
(221, 1, 'Tommy', 'si', '1-221-Tommy.jpeg', 0),
(221, 2, 'Tommy', 'si', 'Tommy-2.jpg', 0),
(221, 3, 'Tommy', 'si', 'Tommy-3.jpg', 0),
(221, 7, 'Tommy', 'si', '7-221-Tommy.jpeg', 0),
(222, 1, 'Cali', 'no', 'Cali-1.jpg', 0),
(222, 3, 'Cali', 'no', 'Cali-3.jpg', 0),
(222, 4, 'Cali', 'no', 'Cali-4.jpg', 0),
(223, 1, 'Ballenitas', 'no', 'Ballenitas-1.jpg', 0),
(223, 3, 'Ballenitas', 'no', 'Ballenitas-3.jpg', 0),
(224, 1, 'Pacífico', 'si', 'Pacífico-1.jpg', 0),
(224, 2, 'Pacifico', 'si', '2-224-Pacifico.jpeg', 0),
(225, 1, 'Pamplona', 'no', 'Pamplona-1.jpg', 0),
(225, 2, 'Pamplona', 'no', 'Pamplona-2.jpg', 0),
(226, 1, 'Quindío', 'si', 'Quindío-1.jpg', 0),
(226, 2, 'Quindío', 'si', 'Quindío-2.jpg', 0),
(227, 1, 'Pasto', 'si', '1-227-Pasto.jpeg', 0),
(227, 2, 'Pasto', 'si', '2-227-Pasto.jpeg', 0),
(228, 1, 'Cascada', 'si', '1-228-Cascada.jpeg', 0),
(228, 2, 'Cascada', 'si', '2-228-Cascada.jpeg', 0),
(229, 1, 'Lajas', 'si', 'Lajas-1.jpg', 0),
(229, 2, 'Lajas', 'si', '2-229-Lajas.jpeg', 0),
(230, 1, 'Popayan ', 'si', 'Popayan -1.jpg', 0),
(230, 2, 'Popayan', 'si', 'Popayan-2.jpg', 0),
(231, 1, 'Aguacates', 'si', 'Aguacates-1.jpg', 0),
(231, 2, 'Aguacates', 'no', 'Aguacates-2.jpg', 0),
(231, 3, 'Aguacates', 'si', 'Aguacates-3.jpg', 0),
(231, 4, 'Aguacates', 'no', 'Aguacates-4.jpg', 0),
(231, 7, 'Aguacates', 'si', '7-231-Aguacates.jpeg', 0),
(232, 1, 'Dinosaurious', 'no', 'Dinosaurious-1.jpg', 0),
(233, 1, 'Tejido', 'no', 'Tejido-1.jpg', 0),
(236, 1, 'Murciélago', 'no', 'Murciélago-1.jpg', 0),
(236, 3, 'Murciélagos', 'no', 'Murciélagos-3.jpg', 0),
(237, 3, 'Recién casados', 'no', 'Recién casados-3.jpg', 0),
(238, 3, 'Reyes', 'si', 'Reyes-3.jpg', 0),
(238, 7, 'Reyes', 'si', '7-238-Reyes.jpeg', 0),
(239, 3, 'Resiliencia', 'si', 'Resiliencia-3.jpg', 0),
(239, 4, 'Resilencia', 'si', 'Resilencia-4.jpg', 0),
(239, 7, 'Resiliencia', 'si', '7-239-Resiliencia.jpeg', 0),
(239, 11, 'Resiliencia', 'si', 'Resiliencia-11.jpg', 0),
(240, 1, 'Playa', 'si', '1-240-Playa.jpeg', 0),
(240, 2, 'Playa', 'si', 'Playa-2.jpg', 0),
(240, 3, 'Playa', 'si', 'Playa-3.jpg', 0),
(240, 7, 'Playa', 'si', '7-240-Playa.jpeg', 0),
(240, 11, 'Playa', 'si', 'Playa-11.jpg', 0),
(241, 1, 'Yoli', 'si', '1-241-Yoly.jpeg', 0),
(241, 2, 'Yoli', 'si', 'Yoli-2.jpg', 0),
(241, 3, 'Yoli', 'si', 'Yoli-3.jpg', 0),
(241, 4, 'Yoli', 'si', 'Yoli-4.jpg', 0),
(241, 7, 'Yoli', 'si', 'Yoli-7.jpg', 0),
(241, 11, 'Yoli', 'si', 'Yoli-11.jpg', 0),
(242, 3, 'Gallo', 'no', 'Gallo-3.jpg', 0),
(243, 1, 'Caballitos de mar', 'no', 'Caballitos de mar-1.jpg', 0),
(243, 2, 'Caballito de mar', 'no', 'Caballito de mar-2.jpg', 0),
(243, 3, 'Caballitos de Mar', 'si', 'Caballitos de Mar-3.jpg', 0),
(243, 7, 'Caballitos de Mar', 'si', 'Caballitos de Mar-7.jpg', 0),
(243, 11, 'Caballitos de Mar', 'si', 'Caballitos de Mar-11.jpg', 0),
(244, 3, 'Cielo', 'no', 'Cielo-3.jpg', 0),
(245, 1, 'Navidad', 'no', 'Navidad-1.jpg', 0),
(246, 1, 'Ilusiones', 'si', '1-246-Ilusiones.jpeg', 0),
(246, 2, 'Ilusiones', 'si', 'Ilusiones-2.jpg', 0),
(247, 1, 'Moticos', 'no', 'Moticos-1.jpg', 0),
(248, 1, 'Oportunidad', 'si', '1-248-Oportunidad.jpeg', 0),
(248, 2, 'Oportunidad', 'si', 'Oportunidad-2.jpg', 0),
(248, 3, 'Oportunidad', 'no', 'Oportunidad-3.jpg', 0),
(248, 4, 'Oportunidad', 'si', 'Oportunidad-4.jpg', 0),
(249, 1, 'Princesita', 'si', '1-249-Princesita.jpeg', 0),
(249, 3, 'Princesita', 'si', 'Princesita-3.jpg', 0),
(250, 1, 'Principito', 'si', 'Principito-1.jpg', 0),
(250, 7, 'Principito', 'si', 'Principito-7.jpg', 0),
(251, 1, 'Barranquilla', 'no', 'Barranquilla-1.jpg', 0),
(251, 3, 'Barranquilla', 'no', 'Barranquilla-3.jpg', 0),
(252, 1, 'Morrocoy', 'si', '1-252-Morrocoy.jpeg', 0),
(252, 2, 'Morrocoy', 'no', 'Morrocoy-2.jpg', 0),
(252, 3, 'Morrocoy', 'no', 'Morrocoy-3.jpg', 0),
(252, 4, 'Morrocoy', 'si', 'Morrocoy-4.jpg', 0),
(252, 7, 'Morrocoy', 'si', 'Morrocoy-7.jpg', 0),
(253, 1, 'Pececitos', 'no', 'Pececitos-1.jpg', 0),
(253, 3, 'Pececitos', 'no', 'Pececitos-3.jpg', 0),
(253, 7, 'Pececitos', 'no', 'Pececitos-7.jpg', 0),
(254, 1, 'Puerto', 'no', 'Puerto-1.jpg', 0),
(254, 3, 'Puerto', 'no', 'Puerto-3.jpg', 0),
(254, 7, 'Puerto', 'no', 'Puerto-7.jpg', 0),
(255, 1, 'Talento', 'si', '1-255-Talento.jpeg', 0),
(255, 2, 'Talento', 'si', 'Talento-2.jpg', 0),
(255, 3, 'Talento', 'si', 'Talento-3.jpg', 0),
(255, 4, 'Talento', 'si', 'Talento-4.jpg', 0),
(255, 7, 'Talento', 'si', 'Talento-7.jpg', 0),
(256, 3, 'Acuario', 'no', 'Acuario-3.jpg', 0),
(256, 7, 'Acuario', 'no', 'Acuario-7.jpg', 0),
(257, 3, 'Coco loco', 'no', 'Coco loco-3.jpg', 0),
(257, 4, 'Coco loco', 'no', 'Coco loco-4.jpg', 0),
(257, 7, 'Coco loco', 'no', 'Coco loco-7.jpg', 0),
(258, 3, 'Sandías', 'no', 'Sandías-3.jpg', 0),
(258, 7, 'Sandías', 'no', 'Sandías-7.jpg', 0),
(259, 1, 'Donas', 'no', '1-259-Donas.jpeg', 0),
(259, 3, 'Donas', 'si', 'Donas-3.jpg', 0),
(259, 4, 'Donas', 'si', 'Donas-4.jpg', 0),
(259, 7, 'Donas', 'si', 'Donas-7.jpg', 0),
(260, 1, 'Diva', 'si', 'Diva-1.jpg', 0),
(260, 2, 'Diva', 'si', 'Diva-2.jpg', 0),
(260, 3, 'Diva', 'no', 'Diva-3.jpg', 0),
(260, 9, 'Leggings Diva', 'si', '9-260-Diva1.jpeg', 0),
(260, 13, 'Diva', 'si', 'Diva-13.jpg', 0),
(261, 1, 'Dorada escarchada', 'si', 'Dorada escarchada-11.jpg', 0),
(261, 2, 'Dorada escarchada', 'si', 'Dorada escarchada-2.jpg', 0),
(262, 3, 'Blonda', 'si', 'Blonda-3.jpg', 0),
(262, 4, 'Blonda', 'si', 'Blonda-4.jpg', 0),
(262, 9, 'Blonda', 'si', '9-262-Blonda1.jpeg', 0),
(263, 1, 'Leopardo', 'si', 'Leopardo-1.jpg', 0),
(263, 2, 'Leopardo', 'si', 'Leopardo-2.jpg', 0),
(263, 3, 'Leopardo', 'si', 'Leopardo-3.jpg', 0),
(263, 4, 'Leopardo', 'si', 'Leopardo-4.jpg', 0),
(264, 1, 'Ojitos', 'no', 'Ojitos-1.jpg', 0),
(264, 2, 'Ojitos', 'no', 'Ojitos-2.jpg', 0),
(264, 3, 'Ojitos', 'no', '3-264-Ojitos.jpeg', 0),
(264, 4, 'Ojitos', 'si', 'Ojitos-4.jpg', 0),
(265, 1, 'Amor Propio', 'si', 'Amor Propio-1.jpg', 0),
(265, 2, 'Amor Propio', 'si', 'Amor Propio-2.jpg', 0),
(265, 3, 'Amor Propio', 'si', 'Amor Propio-3.jpg', 0),
(265, 4, 'Amor Propio', 'si', 'Amor Propio-4.jpg', 0),
(266, 1, 'Eternidad', 'si', 'Eternidad-1.jpg', 0),
(266, 2, 'Eternidad', 'si', 'Eternidad-2.jpg', 0),
(267, 1, 'Exito', 'si', 'Exito-1.jpg', 0),
(267, 2, 'Exito', 'si', 'Exito-2.jpg', 0),
(268, 1, 'Armonía', 'no', 'Armonía-1.jpg', 0),
(268, 2, 'Armonía', 'no', 'Armonía-2.jpg', 0),
(269, 3, 'Agua', 'si', 'Agua-3.jpg', 0),
(269, 7, 'Agua', 'si', 'Agua-7.jpg', 0),
(270, 1, 'Plateada', 'no', 'Plateada-1.jpg', 0),
(270, 2, 'Plateada', 'no', 'Plateada-2.jpg', 0),
(271, 1, 'Certeza', 'si', 'Fè-1.jpg', 0),
(271, 2, 'Certeza', 'si', 'Certeza-2.jpg', 0),
(272, 1, 'Estrellas', 'si', 'Estrellas-1.jpg', 0),
(272, 2, 'Estrellas', 'si', 'Estrellas-2.jpg', 0),
(272, 3, 'Estrellas', 'si', 'Estrellas-3.jpg', 0),
(272, 7, 'Estrellas', 'si', 'Estrellas-7.jpg', 0),
(272, 9, 'Estrellas', 'si', '9-272-Estrellas1.jpeg', 0),
(273, 1, 'Decididos', 'si', 'Decididos-1.jpg', 0),
(273, 2, 'Decididos', 'si', '2-273-Decididos.jpeg', 0),
(273, 9, 'Cereza', 'si', '9-273-Cereza1.jpeg', 0),
(274, 1, 'Acuarela', 'si', 'Acuarela-1.jpg', 0),
(274, 2, 'Acuarela', 'si', 'Acuarela-2.jpg', 0),
(274, 9, 'Azul', 'si', '9-274-Azul1.jpeg', 0),
(275, 1, 'Agosto', 'si', 'Agosto-1.jpg', 0),
(275, 2, 'Agosto', 'si', 'Agosto-2.jpg', 0),
(275, 9, 'Verde', 'si', '9-275-Verde1.jpeg', 0),
(276, 1, 'Blanco Unicornio', 'no', 'Blanco Unicornio-1.jpg', 0),
(276, 2, 'Blanco Unicornio', 'no', 'Blanco Unicornio-2.jpg', 0),
(276, 9, 'Fucsia', 'si', '9-276-fucsia1.jpeg', 0),
(277, 1, 'Cla277', 'si', 'Cla277-1.jpg', 0),
(277, 2, 'Magicas', 'si', '2-277-Magicas.jpeg', 0),
(277, 3, 'Honor', 'no', 'Honor-3.jpg', 0),
(277, 7, 'Honor', 'no', 'Honor-7.jpg', 0),
(277, 9, 'Océano', 'si', '9-277-Oceano1.jpeg', 0),
(278, 1, 'Sis278', 'si', '1-278-Mariposas Negras.jpeg', 0),
(278, 2, 'Mariposas Negras', 'si', '2-278-Mariposas Negras.jpeg', 0),
(278, 3, 'Mariposas Negras', 'si', 'Mariposas Negras-3.jpg', 0),
(278, 9, 'Vinotinto', 'si', '9-278-Vinotinto1.jpeg', 0),
(279, 1, 'Desapego', 'si', '1-279-Desapego.jpeg', 0),
(279, 2, 'Desapego', 'si', '2-279-Desapego.jpeg', 0),
(279, 3, 'Cambios', 'si', 'Cambios-3.jpg', 0),
(279, 7, 'Pan279', 'si', 'Pan279-7.jpg', 0),
(279, 9, 'Agua Marina', 'si', '9-279-Aguamarina1.jpeg', 0),
(280, 3, 'Sis280', 'si', 'Sis280-3.jpg', 0),
(280, 7, 'Pan280', 'si', 'Pan280-7.jpg', 0),
(280, 9, 'Purpura', 'si', '9-280-Purpura1.jpeg', 0),
(281, 3, 'Sis281', 'si', 'Sis281-3.jpg', 0),
(281, 7, 'Pan281', 'si', 'Pan281-7.jpg', 0),
(281, 9, 'Cuerina', 'si', '9-281-Cuerina.jpeg', 0),
(281, 19, 'Leggings Cuerina', 'si', '19-281-Leggings Cuerina.jpeg', 0),
(282, 3, 'Sis282', 'si', 'Sis282-3.jpg', 0),
(282, 7, 'Pan282', 'si', 'Pan282-7.jpg', 0),
(282, 20, 'Bicicletero Cuerina', 'si', '20-282-Bicicletero Cuerina.jpeg', 0),
(283, 3, 'Sis283', 'no', 'Sis283-3.jpg', 0),
(283, 7, 'Pan283', 'no', 'Pan283-7.jpg', 0),
(283, 21, 'Falda Cuerina', 'si', '21-283-Falda Cuerina.jpeg', 0),
(284, 3, 'Sis284', 'si', 'Sis284-3.jpg', 0),
(284, 7, 'Pan284', 'si', 'Pan284-7.jpg', 0),
(285, 7, 'Pan285', 'si', 'Pan285-7.jpg', 0),
(286, 7, 'Pan286', 'si', 'Pan286-7.jpg', 0),
(287, 7, 'Pan287', 'si', 'Pan287-7.jpg', 0),
(288, 7, 'Pan288', 'si', 'Pan288-7.jpg', 0),
(289, 3, 'Vaca purpura', 'si', 'Vaca purpura-3.jpg', 0),
(290, 3, 'Sis290', 'si', 'Sis290-3.jpg', 0),
(291, 1, 'Navidad Feliz', 'no', 'Navidad Feliz-1.jpg', 0),
(292, 3, 'Empoderada', 'no', 'Empoderada-3.jpg', 0),
(293, 1, 'Proposito', 'si', 'Proposito-1.jpg', 0),
(293, 2, 'Proposito', 'si', '2-293-Proposito.jpeg', 0),
(294, 1, 'Transformación', 'si', '1-294-Transformacion.jpeg', 0),
(294, 2, 'Transformación', 'si', '2-294-Transformación.jpeg', 0),
(295, 1, 'Impacto', 'si', '1-295-Impacto.jpeg', 0),
(296, 1, 'Aceptación', 'si', '1-296-Aceptación.jpeg', 0),
(296, 2, 'Aceptación', 'si', '2-296-Aceptación.jpeg', 0),
(297, 1, 'Gris Amor', 'si', '1-297-Gris Amor.jpeg', 0),
(297, 2, 'Gris Amor', 'si', '2-297-Gris Amor.jpeg', 0),
(298, 1, 'Colibri', 'si', '1-298-Colibri.jpeg', 0),
(298, 2, 'Colibri', 'si', '2-298-Colibri.jpeg', 0),
(299, 1, 'Margaritas', 'si', '1-299-Margaritas.jpeg', 0),
(299, 2, 'Margaritas', 'no', '2-299-Margaritas.jpeg', 0),
(300, 1, 'Mimados', 'si', '1-300-Mimados.jpeg', 0),
(300, 2, 'Mimados', 'si', '2-300-Mimados.jpeg', 0),
(301, 1, 'Serenidad', 'si', '1-301-Serenidad.jpeg', 0),
(301, 2, 'Serenidad', 'si', '2-301-Serenidad.jpeg', 0),
(302, 1, 'Ositos', 'no', '1-302-Ositos.jpeg', 0),
(303, 1, 'Marca', 'no', '1-303-Marca.jpeg', 0),
(303, 16, 'Fucsia', 'si', '16-303-Fucsia.jpeg', 0),
(304, 1, 'Renacer', 'si', '1-304-Renacer.jpg', 0),
(304, 16, 'Azul', 'si', '16-304-Azul.jpeg', 0),
(305, 1, 'Dulzura', 'si', '1-305-Dulzura.jpg', 0),
(305, 2, 'Dulzura', 'si', '2-305-Dulzura.jpeg', 0),
(305, 16, 'Verde', 'si', '16-305-Verde.jpeg', 0),
(306, 1, 'Boa', 'si', '1-306-Boa.jpg', 0),
(306, 2, 'Boa', 'si', '2-306-Boa.jpg', 0),
(306, 16, 'Cereza', 'si', '16-306-Cereza.jpeg', 0),
(307, 1, 'Indomable', 'si', '1-307-Indomable.jpg', 0),
(307, 2, 'Indomable', 'si', '2-307-Indomable.jpg', 0),
(307, 16, 'Agua Marina', 'si', '16-307-Agua Marina.jpeg', 0),
(308, 1, 'Rugido', 'si', '1-308-Rugido.jpg', 0),
(308, 2, 'Rugido', 'si', '2-308-Rugido.jpg', 0),
(308, 16, 'Purpura', 'si', '16-308-Purpura.jpeg', 0),
(309, 1, 'Cobra', 'si', '1-309-Cobra.jpg', 0),
(309, 2, 'Cobra', 'si', '2-309-Cobra.jpg', 0),
(309, 16, 'Oceano', 'si', '16-309-Oceano.jpeg', 0),
(310, 1, 'Lechera', 'si', '1-310-Lechera.jpg', 0),
(310, 2, 'Lechera', 'si', '2-310-Lechera.jpg', 0),
(310, 16, 'Vinotinto', 'si', '16-310-Vinotinto.jpeg', 0),
(311, 1, 'Cazador', 'si', '1-311-Cazador.jpg', 0),
(311, 2, 'Cazador', 'si', '2-311-Cazador.jpg', 0),
(311, 16, 'Blanco', 'si', '16-311-Blanco.jpeg', 0),
(312, 16, 'Camuflado Morado', 'si', '16-312-Camuflado Morado.jpg', 0),
(313, 3, 'Bondad', 'si', '3-313-Bondad.jpeg', 0),
(313, 7, 'Bondad', 'si', '7-313-Bondad.jpeg', 0),
(314, 3, 'Tucanes', 'si', '3-314-Tucanes.jpeg', 0),
(314, 7, 'Tucanes', 'si', '7-314-Tucanes.jpeg', 0),
(315, 3, 'Atún ', 'si', '3-315-Atún .jpeg', 0),
(315, 7, 'Atún', 'si', '7-315-Atún.jpeg', 0),
(316, 3, 'Trazo', 'si', '3-316-Trazo.jpeg', 0),
(316, 7, 'Trazo', 'si', '7-316-Trazo.jpeg', 0),
(317, 3, 'Firmeza', 'si', '3-317-Firmeza.jpeg', 0),
(317, 7, 'Firmeza', 'si', '7-317-Firmeza.jpeg', 0),
(318, 3, 'Hojas', 'si', '3-318-Hojas.jpeg', 0),
(318, 7, 'Hojas', 'si', '7-318-Hojas.jpeg', 0),
(319, 3, 'Crucero', 'si', '3-319-Crucero.jpeg', 0),
(319, 7, 'Crucero', 'si', '7-319-Crucero.jpeg', 0),
(320, 3, 'Mar', 'si', '3-320-Mar.jpeg', 0),
(320, 7, 'Mar', 'si', '7-320-Mar.jpeg', 0),
(321, 3, 'Patilla', 'si', '3-321-Patilla.jpeg', 0),
(322, 3, 'Isla', 'si', '3-322-Isla.jpeg', 0),
(323, 3, 'Constelación', 'si', '3-323-Constelación.jpeg', 0),
(323, 7, 'Constelación', 'si', '7-323-Constelación.jpeg', 0),
(324, 3, 'Safari', 'si', '3-324-Safari.jpeg', 0),
(324, 7, 'Safari', 'si', '7-324-Safari.jpeg', 0),
(325, 3, 'Algas', 'si', '3-325-Algas.jpeg', 0),
(325, 7, 'Algas', 'si', '7-325-Algas.jpeg', 0),
(326, 3, 'San Andres', 'si', '3-326-San Andres.jpeg', 0);
INSERT INTO `product` (`reference`, `category_idcategory`, `name_product`, `active_product`, `image_product`, `score_product`) VALUES
(326, 7, '326', 'si', '7-326-326.jpeg', 0),
(327, 1, 'clasica-327', 'si', '1-327-clasica-327.jpeg', 0),
(327, 2, 'plataforma-327', 'si', '2-327-plataforma-327.jpeg', 0),
(328, 1, 'clasica-328', 'si', '1-328-clasica-328.jpeg', 0),
(328, 2, 'plataforma-328', 'si', '2-328-plataforma-328.jpeg', 0),
(329, 1, 'clasica-329', 'si', '1-329-clasica-329.jpeg', 0),
(329, 2, 'plataforma-329', 'si', '2-329-plataforma-329.jpeg', 0),
(330, 1, 'clasica-330', 'si', '1-330-clasica-330.jpeg', 0),
(330, 2, 'plataforma-330', 'si', '2-330-plataforma-330.jpeg', 0),
(331, 1, 'clasica-331', 'si', '1-331-clasica-331.jpeg', 0),
(331, 2, 'plataforma-331', 'si', '2-331-plataforma-331.jpeg', 0),
(332, 1, 'Carritos', 'si', '1-332-Carritos.jpeg', 0),
(333, 1, 'Escamas', 'si', '1-333-Escamas.jpeg', 0),
(334, 1, 'Entrenamiento', 'si', '1-334-Entrenamiento.jpeg', 0),
(335, 1, 'Fantasía', 'si', '1-335-Fantasía.jpeg', 0),
(336, 1, 'Fósiles', 'si', '1-336-Fósiles.jpeg', 0),
(337, 1, 'Mininos', 'si', '1-337-Mininos.jpeg', 0),
(338, 1, 'Caninos', 'si', '1-338-Caninos.jpeg', 0),
(339, 1, 'Emperador', 'si', '1-339-Emperador.jpeg', 0),
(339, 3, 'Emperador', 'si', '3-339-Emperador.jpg', 0),
(339, 7, 'Emperador', 'si', '7-339-Emperador.jpg', 0),
(340, 1, 'Caribe', 'si', '1-340-Caribe.jpeg', 0),
(340, 3, 'Caribe', 'si', '3-340-Caribe.jpg', 0),
(340, 7, 'Caribe', 'si', '7-340-Caribe.jpg', 0),
(341, 1, 'Turquesa', 'si', '1-341-Turquesa.jpeg', 0),
(341, 3, 'Turquesa', 'si', '3-341-Turquesa.jpg', 0),
(341, 7, 'Turquesa', 'si', '7-341-Turquesa.jpg', 0),
(342, 1, 'Conchitas', 'si', '1-342-Conchitas.jpeg', 0),
(342, 3, 'Conchitas', 'si', '3-342-Conchitas.jpg', 0),
(342, 7, 'Conchitas', 'si', '7-342-Conchitas.jpg', 0),
(1002, 100, 'Piedritas', 'si', 'Piedritas-100.jpg', 0),
(1002, 200, 'Piedritas', 'si', 'Piedritas-200.jpg', 0),
(1003, 4, 'Catrina', 'no', 'Catrina-4.jpg', 0),
(1003, 100, 'Estrellitas', 'si', 'Estrellitas-100.jpg', 0),
(1003, 200, 'Estrellitas', 'si', 'Estrellitas-200.jpg', 0),
(1004, 2, 'PeRa Black', 'si', 'PeRa Black-2.jpg', 0),
(1004, 4, 'Esqueleto', 'no', 'Esqueleto-4.jpg', 0),
(1005, 4, 'Mexico', 'no', 'Mexico-4.jpg', 0),
(1006, 3, 'Huesitos', 'no', '3-1006-Huesitos.jpeg', 0),
(1006, 4, 'Huesitos', 'no', 'Huesitos-4.jpg', 0),
(1007, 11, 'Cambio', 'si', 'Cambio-11.jpg', 0),
(1009, 11, 'Bondad', 'si', 'Bondad-11.jpg', 0),
(1010, 11, 'Aceptación', 'si', 'Aceptación-11.jpg', 0),
(1010, 14, 'Panda Amor', 'si', 'Panda Amor-14.jpg', 0),
(1011, 11, 'Voluntad', 'si', 'Voluntad-11.jpg', 0),
(1011, 14, 'Anclitas', 'si', 'Anclitas-14.jpg', 0),
(1012, 11, 'Firmeza', 'si', 'Firmeza-11.jpg', 0),
(1012, 14, 'Guardian', 'si', 'Guardian-14.jpg', 0),
(1013, 11, 'Tropical', 'si', 'Tropical-11.jpg', 0),
(1013, 14, 'Elegante', 'si', 'Elegante-14.jpg', 0),
(1014, 11, 'Chinácota', 'si', 'Chinácota-11.jpg', 0),
(1014, 14, 'Neblina', 'si', 'Neblina-14.jpg', 0),
(1015, 14, 'Caballitos', 'si', 'Caballitos-14.jpg', 0),
(1016, 14, 'Barquitos', 'si', 'Barquitos-14.jpg', 0),
(1017, 14, 'Herradura', 'si', 'Herradura-14.jpg', 0),
(1018, 14, 'Marinero', 'si', 'Marinero-14.jpg', 0),
(1019, 14, 'Mar', 'si', 'Mar-14.jpg', 0),
(1020, 14, 'Dragones', 'si', 'Dragones-14.jpg', 0),
(1021, 14, 'Cambios', 'si', 'Cambios-14.jpg', 0),
(1022, 14, 'Merry Christmas', 'no', 'Merry Christmas-14.jpg', 0),
(1023, 14, 'Muñequitos de Nieve', 'no', 'Muñequitos de Nieve-14.jpg', 0),
(1024, 14, 'Papa Noel', 'no', 'Papa Noel-14.jpg', 0),
(1025, 14, 'Pinguinito', 'no', 'Pinguinito-14.jpg', 0),
(1026, 14, 'Nieve', 'no', 'Nieve-14.jpg', 0),
(1027, 14, 'Navidad Feliz', 'no', 'Navidad Feliz-14.jpg', 0),
(1028, 14, 'Grinch', 'no', 'Grinch-14.jpg', 0),
(1029, 14, 'Polar', 'no', 'Polar-14.jpg', 0),
(1030, 14, 'Renito', 'no', 'Renito-14.jpg', 0),
(1031, 14, 'Diciembre', 'no', 'Diciembre-14.jpg', 0),
(1032, 14, 'Guadalupe', 'si', 'Guadalupe-14.jpg', 0),
(1033, 14, 'Pestañitas', 'si', '14-1033-Pestañitas.jpg', 0),
(1034, 14, 'Impacto', 'si', '14-1034-Impacto.jpg', 0),
(1035, 14, 'Pink', 'si', '14-1035-Pink.jpg', 0),
(1036, 14, 'Gris Amor', 'si', '14-1036-Gris Amor.jpg', 0),
(1037, 14, 'Energía', 'si', '14-1037-Energía.jpg', 0),
(1038, 14, 'Tiranosaurio', 'si', '14-1038-Tiranosaurio.jpg', 0),
(1039, 14, 'Ositos', 'si', '14-1039-Ositos.jpg', 0),
(1040, 14, 'Angelitos', 'si', '14-1040-Angelitos.jpg', 0),
(1041, 14, 'Mimado', 'si', '14-1041-Mimado.jpg', 0),
(1042, 14, 'Cariño', 'si', '14-1042-Cariño.jpg', 0),
(1043, 14, 'Fantasia', 'si', '14-1043-Fantasia.jpg', 0),
(1044, 14, 'Domilon', 'si', '14-1044-Domilon.jpg', 0),
(1045, 14, 'Nubes', 'si', '14-1045-Nubes.jpg', 0),
(1046, 14, 'Cuernitos', 'si', '14-1046-Cuernitos.jpg', 0),
(1047, 14, 'Florecitas', 'si', '14-1047-Florecitas.jpg', 0),
(1048, 14, 'Dulce', 'si', '14-1048-Dulce.jpg', 0),
(1049, 14, 'Aceptación', 'si', '14-1049-Aceptación.jpg', 0),
(1050, 14, 'Rosadito', 'si', '14-1050-Rosadito.jpg', 0),
(1051, 14, 'Margaritas', 'si', '14-1051-Margaritas.jpg', 0),
(1052, 14, 'Pasteles', 'si', '14-1052-Pasteles.jpg', 0),
(1053, 14, 'Flamencos', 'si', '14-1053-Flamencos.jpg', 0),
(1054, 14, 'Serenidad', 'si', '14-1054-Serenidad.jpg', 0),
(1055, 14, 'Arañitas', 'no', '14-1055-Arañitas.jpg', 0),
(1056, 14, 'Boo', 'no', '14-1056-Boo.jpg', 0),
(1057, 14, 'Halloween', 'no', '14-1057-Halloween.jpg', 0),
(1058, 14, 'Telarañas', 'no', '14-1058-Telarañas.jpg', 0),
(1059, 14, 'Terrorífico', 'no', '14-1059-Terrorífico.jpg', 0);

-- --------------------------------------------------------

--
-- Estructura de tabla para la tabla `reference_group`
--

CREATE TABLE `reference_group` (
  `id_reference_group` int(11) NOT NULL,
  `name_reference_group` varchar(45) NOT NULL,
  `active_reference_group` int(11) NOT NULL,
  `image_reference_group` varchar(45) NOT NULL,
  `score_reference_group` int(11) NOT NULL,
  `group_of_category_id_group_of_category` int(11) NOT NULL
) ENGINE=InnoDB DEFAULT CHARSET=latin1;

-- --------------------------------------------------------

--
-- Estructura de tabla para la tabla `servientrega`
--

CREATE TABLE `servientrega` (
  `idjourney` int(11) NOT NULL,
  `typejourney_idtypejourney` int(11) NOT NULL,
  `city_idcity_origin` int(11) NOT NULL,
  `city_idcity_destination` int(11) NOT NULL
) ENGINE=InnoDB DEFAULT CHARSET=utf8mb4;

--
-- Volcado de datos para la tabla `servientrega`
--

INSERT INTO `servientrega` (`idjourney`, `typejourney_idtypejourney`, `city_idcity_origin`, `city_idcity_destination`) VALUES
(1, 2, 442, 1),
(2, 1, 442, 2),
(3, 2, 442, 3),
(4, 2, 442, 4),
(5, 1, 442, 5),
(6, 2, 442, 6),
(7, 3, 442, 7),
(8, 2, 442, 8),
(9, 2, 442, 9),
(10, 2, 442, 10),
(11, 2, 442, 11),
(12, 1, 442, 12),
(13, 2, 442, 13),
(14, 2, 442, 14),
(15, 2, 442, 15),
(16, 2, 442, 16),
(17, 2, 442, 17),
(18, 3, 442, 18),
(19, 3, 442, 19),
(20, 2, 442, 20),
(21, 2, 442, 21),
(22, 2, 442, 22),
(23, 3, 442, 23),
(24, 2, 442, 24),
(25, 2, 442, 25),
(26, 2, 442, 26),
(27, 3, 442, 27),
(28, 3, 442, 28),
(29, 2, 442, 29),
(30, 2, 442, 30),
(31, 2, 442, 31),
(32, 2, 442, 32),
(33, 2, 442, 33),
(34, 2, 442, 34),
(35, 3, 442, 35),
(36, 3, 442, 36),
(37, 3, 442, 37),
(38, 2, 442, 38),
(39, 3, 442, 39),
(40, 2, 442, 40),
(41, 2, 442, 41),
(42, 3, 442, 42),
(43, 2, 442, 43),
(44, 2, 442, 44),
(45, 2, 442, 45),
(46, 2, 442, 46),
(47, 2, 442, 47),
(48, 2, 442, 48),
(49, 2, 442, 49),
(50, 2, 442, 50),
(51, 2, 442, 51),
(52, 2, 442, 52),
(53, 2, 442, 53),
(54, 2, 442, 54),
(55, 1, 442, 55),
(56, 2, 442, 56),
(57, 1, 442, 57),
(58, 3, 442, 58),
(59, 2, 442, 59),
(60, 2, 442, 60),
(61, 2, 442, 61),
(62, 2, 442, 62),
(63, 2, 442, 63),
(64, 3, 442, 64),
(65, 2, 442, 65),
(66, 2, 442, 66),
(67, 2, 442, 67),
(68, 3, 442, 68),
(69, 3, 442, 69),
(70, 3, 442, 70),
(71, 2, 442, 71),
(72, 2, 442, 72),
(73, 2, 442, 73),
(74, 2, 442, 74),
(75, 2, 442, 75),
(76, 2, 442, 76),
(77, 2, 442, 77),
(78, 2, 442, 78),
(79, 1, 442, 79),
(80, 2, 442, 80),
(81, 2, 442, 81),
(82, 2, 442, 82),
(83, 2, 442, 83),
(84, 2, 442, 84),
(85, 2, 442, 85),
(86, 2, 442, 86),
(87, 2, 442, 87),
(88, 2, 442, 88),
(89, 2, 442, 89),
(90, 3, 442, 90),
(91, 2, 442, 91),
(92, 3, 442, 92),
(93, 3, 442, 93),
(94, 2, 442, 94),
(95, 2, 442, 95),
(96, 2, 442, 96),
(97, 2, 442, 97),
(98, 2, 442, 98),
(99, 2, 442, 99),
(100, 2, 442, 100),
(101, 3, 442, 101),
(102, 3, 442, 102),
(103, 2, 442, 103),
(104, 2, 442, 104),
(105, 3, 442, 105),
(106, 2, 442, 106),
(107, 1, 442, 107),
(108, 2, 442, 108),
(109, 3, 442, 109),
(110, 2, 442, 110),
(111, 3, 442, 111),
(112, 2, 442, 112),
(113, 2, 442, 113),
(114, 2, 442, 114),
(115, 3, 442, 115),
(116, 2, 442, 116),
(117, 2, 442, 117),
(118, 3, 442, 118),
(119, 2, 442, 119),
(120, 2, 442, 120),
(121, 2, 442, 121),
(122, 3, 442, 122),
(123, 2, 442, 123),
(124, 2, 442, 124),
(125, 2, 442, 125),
(126, 2, 442, 126),
(127, 4, 442, 127),
(128, 2, 442, 128),
(129, 2, 442, 129),
(130, 3, 442, 130),
(131, 2, 442, 131),
(132, 2, 442, 132),
(133, 3, 442, 133),
(134, 3, 442, 134),
(135, 1, 442, 135),
(136, 1, 442, 136),
(137, 3, 442, 137),
(138, 2, 442, 138),
(139, 2, 442, 139),
(140, 2, 442, 140),
(141, 2, 442, 141),
(142, 2, 442, 142),
(143, 1, 442, 143),
(144, 2, 442, 144),
(145, 2, 442, 145),
(146, 3, 442, 146),
(147, 3, 442, 147),
(148, 3, 442, 148),
(149, 2, 442, 149),
(150, 2, 442, 150),
(151, 2, 442, 151),
(152, 3, 442, 152),
(153, 2, 442, 153),
(154, 1, 442, 154),
(155, 3, 442, 155),
(156, 2, 442, 156),
(157, 2, 442, 157),
(158, 2, 442, 158),
(159, 3, 442, 159),
(160, 3, 442, 160),
(161, 3, 442, 161),
(162, 2, 442, 162),
(163, 1, 442, 163),
(164, 2, 442, 164),
(165, 3, 442, 165),
(166, 2, 442, 166),
(167, 2, 442, 167),
(168, 2, 442, 168),
(169, 3, 442, 169),
(170, 3, 442, 170),
(171, 2, 442, 171),
(172, 2, 442, 172),
(173, 3, 442, 173),
(174, 2, 442, 174),
(175, 2, 442, 175),
(176, 2, 442, 176),
(177, 1, 442, 177),
(178, 2, 442, 178),
(179, 2, 442, 179),
(180, 2, 442, 180),
(181, 2, 442, 181),
(182, 1, 442, 182),
(183, 2, 442, 183),
(184, 1, 442, 184),
(185, 2, 442, 185),
(186, 2, 442, 186),
(187, 2, 442, 187),
(188, 3, 442, 188),
(189, 3, 442, 189),
(190, 2, 442, 190),
(191, 2, 442, 191),
(192, 2, 442, 192),
(193, 2, 442, 193),
(194, 3, 442, 194),
(195, 2, 442, 195),
(196, 3, 442, 196),
(197, 2, 442, 197),
(198, 2, 442, 198),
(199, 2, 442, 199),
(200, 2, 442, 200),
(201, 3, 442, 201),
(202, 2, 442, 202),
(203, 2, 442, 203),
(204, 1, 442, 204),
(205, 2, 442, 205),
(206, 2, 442, 206),
(207, 2, 442, 207),
(208, 2, 442, 208),
(209, 3, 442, 209),
(210, 2, 442, 210),
(211, 2, 442, 211),
(212, 2, 442, 212),
(213, 1, 442, 213),
(214, 3, 442, 214),
(215, 3, 442, 215),
(216, 3, 442, 216),
(217, 2, 442, 217),
(218, 1, 442, 218),
(219, 2, 442, 219),
(220, 2, 442, 220),
(221, 1, 442, 221),
(222, 2, 442, 222),
(223, 3, 442, 223),
(224, 3, 442, 224),
(225, 3, 442, 225),
(226, 2, 442, 226),
(227, 2, 442, 227),
(228, 2, 442, 228),
(229, 2, 442, 229),
(230, 2, 442, 230),
(231, 2, 442, 231),
(232, 2, 442, 232),
(233, 2, 442, 233),
(234, 3, 442, 234),
(235, 2, 442, 235),
(236, 1, 442, 236),
(237, 2, 442, 237),
(238, 2, 442, 238),
(239, 3, 442, 239),
(240, 3, 442, 240),
(241, 2, 442, 241),
(242, 2, 442, 242),
(243, 2, 442, 243),
(244, 2, 442, 244),
(245, 2, 442, 245),
(246, 3, 442, 246),
(247, 2, 442, 247),
(248, 2, 442, 248),
(249, 2, 442, 249),
(250, 2, 442, 250),
(251, 3, 442, 251),
(252, 3, 442, 252),
(253, 1, 442, 253),
(254, 2, 442, 254),
(255, 2, 442, 255),
(256, 2, 442, 256),
(257, 2, 442, 257),
(258, 2, 442, 258),
(259, 2, 442, 259),
(260, 2, 442, 260),
(261, 1, 442, 261),
(262, 3, 442, 262),
(263, 3, 442, 263),
(264, 2, 442, 264),
(265, 3, 442, 265),
(266, 2, 442, 266),
(267, 2, 442, 267),
(268, 2, 442, 268),
(269, 3, 442, 269),
(270, 2, 442, 270),
(271, 3, 442, 271),
(272, 2, 442, 272),
(273, 2, 442, 273),
(274, 2, 442, 274),
(275, 2, 442, 275),
(276, 2, 442, 276),
(277, 2, 442, 277),
(278, 2, 442, 278),
(279, 2, 442, 279),
(280, 2, 442, 280),
(281, 2, 442, 281),
(282, 2, 442, 282),
(283, 3, 442, 283),
(284, 3, 442, 284),
(285, 3, 442, 285),
(286, 2, 442, 286),
(287, 2, 442, 287),
(288, 2, 442, 288),
(289, 2, 442, 289),
(290, 2, 442, 290),
(291, 3, 442, 291),
(292, 2, 442, 292),
(293, 2, 442, 293),
(294, 2, 442, 294),
(295, 3, 442, 295),
(296, 2, 442, 296),
(297, 2, 442, 297),
(298, 3, 442, 298),
(299, 2, 442, 299),
(300, 2, 442, 300),
(301, 2, 442, 301),
(302, 2, 442, 302),
(303, 3, 442, 303),
(304, 2, 442, 304),
(305, 2, 442, 305),
(306, 2, 442, 306),
(307, 2, 442, 307),
(308, 1, 442, 308),
(309, 2, 442, 309),
(310, 2, 442, 310),
(311, 2, 442, 311),
(312, 2, 442, 312),
(313, 3, 442, 313),
(314, 2, 442, 314),
(315, 3, 442, 315),
(316, 2, 442, 316),
(317, 2, 442, 317),
(318, 3, 442, 318),
(319, 1, 442, 319),
(320, 2, 442, 320),
(321, 2, 442, 321),
(322, 2, 442, 322),
(323, 2, 442, 323),
(324, 2, 442, 324),
(325, 2, 442, 325),
(326, 2, 442, 326),
(327, 3, 442, 327),
(328, 2, 442, 328),
(329, 3, 442, 329),
(330, 3, 442, 330),
(331, 1, 442, 331),
(332, 2, 442, 332),
(333, 2, 442, 333),
(334, 2, 442, 334),
(335, 1, 442, 335),
(336, 2, 442, 336),
(337, 2, 442, 337),
(338, 2, 442, 338),
(339, 3, 442, 339),
(340, 1, 442, 340),
(341, 1, 442, 341),
(342, 4, 442, 342),
(343, 2, 442, 343),
(344, 3, 442, 344),
(345, 2, 442, 345),
(346, 4, 442, 346),
(347, 2, 442, 347),
(348, 2, 442, 348),
(349, 3, 442, 349),
(350, 1, 442, 350),
(351, 1, 442, 351),
(352, 3, 442, 352),
(353, 2, 442, 353),
(354, 2, 442, 354),
(355, 2, 442, 355),
(356, 3, 442, 356),
(357, 2, 442, 357),
(358, 1, 442, 358),
(359, 2, 442, 359),
(360, 2, 442, 360),
(361, 3, 442, 361),
(362, 2, 442, 362),
(363, 2, 442, 363),
(364, 2, 442, 364),
(365, 3, 442, 365),
(366, 2, 442, 366),
(367, 2, 442, 367),
(368, 3, 442, 368),
(369, 2, 442, 369),
(370, 2, 442, 370),
(371, 2, 442, 371),
(372, 2, 442, 372),
(373, 2, 442, 373),
(374, 3, 442, 374),
(375, 2, 442, 375),
(376, 3, 442, 376),
(377, 3, 442, 377),
(378, 2, 442, 378),
(379, 3, 442, 379),
(380, 2, 442, 380),
(381, 3, 442, 381),
(382, 2, 442, 382),
(383, 3, 442, 383),
(384, 2, 442, 384),
(385, 3, 442, 385),
(386, 2, 442, 386),
(387, 2, 442, 387),
(388, 2, 442, 388),
(389, 2, 442, 389),
(390, 2, 442, 390),
(391, 2, 442, 391),
(392, 2, 442, 392),
(393, 3, 442, 393),
(394, 3, 442, 394),
(395, 2, 442, 395),
(396, 4, 442, 396),
(397, 3, 442, 397),
(398, 3, 442, 398),
(399, 3, 442, 399),
(400, 2, 442, 400),
(401, 2, 442, 401),
(402, 2, 442, 402),
(403, 2, 442, 403),
(404, 2, 442, 404),
(405, 2, 442, 405),
(406, 2, 442, 406),
(407, 2, 442, 407),
(408, 3, 442, 408),
(409, 3, 442, 409),
(410, 2, 442, 410),
(411, 3, 442, 411),
(412, 2, 442, 412),
(413, 2, 442, 413),
(414, 1, 442, 414),
(415, 1, 442, 415),
(416, 2, 442, 416),
(417, 3, 442, 417),
(418, 1, 442, 418),
(419, 1, 442, 419),
(420, 2, 442, 420),
(421, 3, 442, 421),
(422, 3, 442, 422),
(423, 2, 442, 423),
(424, 3, 442, 424),
(425, 3, 442, 425),
(426, 2, 442, 426),
(427, 3, 442, 427),
(428, 2, 442, 428),
(429, 2, 442, 429),
(430, 2, 442, 430),
(431, 2, 442, 431),
(432, 1, 442, 432),
(433, 2, 442, 433),
(434, 2, 442, 434),
(435, 2, 442, 435),
(436, 2, 442, 436),
(437, 2, 442, 437),
(438, 2, 442, 438),
(439, 2, 442, 439),
(440, 2, 442, 440),
(441, 3, 442, 441),
(442, 5, 442, 442),
(443, 3, 442, 443),
(444, 3, 442, 444),
(445, 3, 442, 445),
(446, 2, 442, 446),
(447, 3, 442, 447),
(448, 4, 442, 448),
(449, 2, 442, 449),
(450, 2, 442, 450),
(451, 3, 442, 451),
(452, 2, 442, 452),
(453, 2, 442, 453),
(454, 1, 442, 454),
(455, 2, 442, 455),
(456, 2, 442, 456),
(457, 2, 442, 457),
(458, 1, 442, 458),
(459, 2, 442, 459),
(460, 2, 442, 460),
(461, 3, 442, 461),
(462, 2, 442, 462),
(463, 2, 442, 463),
(464, 2, 442, 464),
(465, 2, 442, 465),
(466, 2, 442, 466),
(467, 2, 442, 467),
(468, 2, 442, 468),
(469, 3, 442, 469),
(470, 1, 442, 470),
(471, 3, 442, 471),
(472, 2, 442, 472),
(473, 2, 442, 473),
(474, 2, 442, 474),
(475, 1, 442, 475),
(476, 3, 442, 476),
(477, 3, 442, 477),
(478, 3, 442, 478),
(479, 2, 442, 479),
(480, 2, 442, 480),
(481, 2, 442, 481),
(482, 4, 442, 482),
(483, 2, 442, 483),
(484, 2, 442, 484),
(485, 2, 442, 485),
(486, 2, 442, 486),
(487, 2, 442, 487),
(488, 4, 442, 488),
(489, 2, 442, 489),
(490, 2, 442, 490),
(491, 3, 442, 491),
(492, 2, 442, 492),
(493, 2, 442, 493),
(494, 2, 442, 494),
(495, 1, 442, 495),
(496, 2, 442, 496),
(497, 2, 442, 497),
(498, 3, 442, 498),
(499, 2, 442, 499),
(500, 2, 442, 500),
(501, 2, 442, 501),
(502, 2, 442, 502),
(503, 3, 442, 503),
(504, 2, 442, 504),
(505, 2, 442, 505),
(506, 3, 442, 506),
(507, 2, 442, 507),
(508, 3, 442, 508),
(509, 2, 442, 509),
(510, 2, 442, 510),
(511, 2, 442, 511),
(512, 3, 442, 512),
(513, 3, 442, 513),
(514, 2, 442, 514),
(515, 2, 442, 515),
(516, 1, 442, 516),
(517, 2, 442, 517),
(518, 2, 442, 518),
(519, 3, 442, 519),
(520, 2, 442, 520),
(521, 2, 442, 521),
(522, 2, 442, 522),
(523, 2, 442, 523),
(524, 2, 442, 524),
(525, 1, 442, 525),
(526, 2, 442, 526),
(527, 2, 442, 527),
(528, 2, 442, 528),
(529, 2, 442, 529),
(530, 2, 442, 530),
(531, 2, 442, 531),
(532, 3, 442, 532),
(533, 2, 442, 533),
(534, 3, 442, 534),
(535, 2, 442, 535),
(536, 2, 442, 536),
(537, 2, 442, 537),
(538, 2, 442, 538),
(539, 2, 442, 539),
(540, 1, 442, 540),
(541, 1, 442, 541),
(542, 4, 442, 542),
(543, 2, 442, 543),
(544, 2, 442, 544),
(545, 2, 442, 545),
(546, 2, 442, 546),
(547, 2, 442, 547),
(548, 3, 442, 548),
(549, 3, 442, 549),
(550, 3, 442, 550),
(551, 4, 442, 551),
(552, 3, 442, 552),
(553, 2, 442, 553),
(554, 2, 442, 554),
(555, 1, 442, 555),
(556, 2, 442, 556),
(557, 2, 442, 557),
(558, 2, 442, 558),
(559, 2, 442, 559),
(560, 2, 442, 560),
(561, 3, 442, 561),
(562, 2, 442, 562),
(563, 2, 442, 563),
(564, 3, 442, 564),
(565, 2, 442, 565),
(566, 2, 442, 566),
(567, 3, 442, 567),
(568, 2, 442, 568),
(569, 2, 442, 569),
(570, 3, 442, 570),
(571, 2, 442, 571),
(572, 1, 442, 572),
(573, 3, 442, 573),
(574, 2, 442, 574),
(575, 2, 442, 575),
(576, 2, 442, 576),
(577, 3, 442, 577),
(578, 3, 442, 578),
(579, 3, 442, 579),
(580, 2, 442, 580),
(581, 2, 442, 581),
(582, 1, 442, 582),
(583, 3, 442, 583),
(584, 3, 442, 584),
(585, 3, 442, 585),
(586, 1, 442, 586),
(587, 3, 442, 587),
(588, 2, 442, 588),
(589, 2, 442, 589),
(590, 2, 442, 590),
(591, 2, 442, 591),
(592, 2, 442, 592),
(593, 2, 442, 593),
(594, 2, 442, 594),
(595, 3, 442, 595),
(596, 2, 442, 596),
(597, 3, 442, 597),
(598, 2, 442, 598),
(599, 2, 442, 599),
(600, 2, 442, 600),
(601, 2, 442, 601),
(602, 2, 442, 602),
(603, 2, 442, 603),
(604, 1, 442, 604),
(605, 2, 442, 605),
(606, 2, 442, 606),
(607, 3, 442, 607),
(608, 1, 442, 608),
(609, 2, 442, 609),
(610, 2, 442, 610),
(611, 2, 442, 611),
(612, 2, 442, 612),
(613, 2, 442, 613),
(614, 2, 442, 614),
(615, 3, 442, 615),
(616, 2, 442, 616),
(617, 2, 442, 617),
(618, 3, 442, 618),
(619, 2, 442, 619),
(620, 3, 442, 620),
(621, 2, 442, 621),
(622, 2, 442, 622),
(623, 2, 442, 623),
(624, 2, 442, 624),
(625, 2, 442, 625),
(626, 1, 442, 626),
(627, 2, 442, 627),
(628, 2, 442, 628),
(629, 2, 442, 629),
(630, 2, 442, 630),
(631, 2, 442, 631),
(632, 2, 442, 632),
(633, 2, 442, 633),
(634, 2, 442, 634),
(635, 1, 442, 635),
(636, 2, 442, 636),
(637, 2, 442, 637),
(638, 2, 442, 638),
(639, 2, 442, 639),
(640, 3, 442, 640),
(641, 2, 442, 641),
(642, 2, 442, 642),
(643, 3, 442, 643),
(644, 3, 442, 644),
(645, 2, 442, 645),
(646, 2, 442, 646),
(647, 2, 442, 647),
(648, 2, 442, 648),
(649, 3, 442, 649),
(650, 3, 442, 650),
(651, 3, 442, 651),
(652, 3, 442, 652),
(653, 2, 442, 653),
(654, 2, 442, 654),
(655, 2, 442, 655),
(656, 2, 442, 656),
(657, 2, 442, 657),
(658, 3, 442, 658),
(659, 2, 442, 659),
(660, 2, 442, 660),
(661, 2, 442, 661),
(662, 2, 442, 662),
(663, 1, 442, 663),
(664, 1, 442, 664),
(665, 3, 442, 665),
(666, 2, 442, 666),
(667, 3, 442, 667),
(668, 3, 442, 668),
(669, 3, 442, 669),
(670, 3, 442, 670),
(671, 2, 442, 671),
(672, 2, 442, 672),
(673, 1, 442, 673),
(674, 3, 442, 674),
(675, 3, 442, 675),
(676, 2, 442, 676),
(677, 3, 442, 677),
(678, 2, 442, 678),
(679, 3, 442, 679),
(680, 3, 442, 680),
(681, 2, 442, 681),
(682, 2, 442, 682),
(683, 2, 442, 683),
(684, 3, 442, 684),
(685, 2, 442, 685),
(686, 2, 442, 686),
(687, 2, 442, 687),
(688, 3, 442, 688),
(689, 2, 442, 689),
(690, 2, 442, 690),
(691, 2, 442, 691),
(692, 2, 442, 692),
(693, 2, 442, 693),
(694, 2, 442, 694),
(695, 3, 442, 695),
(696, 2, 442, 696),
(697, 2, 442, 697),
(698, 2, 442, 698),
(699, 1, 442, 699),
(700, 2, 442, 700),
(701, 2, 442, 701),
(702, 2, 442, 702),
(703, 2, 442, 703),
(704, 3, 442, 704),
(705, 2, 442, 705),
(706, 2, 442, 706),
(707, 2, 442, 707),
(708, 2, 442, 708),
(709, 2, 442, 709),
(710, 2, 442, 710),
(711, 1, 442, 711),
(712, 2, 442, 712),
(713, 2, 442, 713),
(714, 3, 442, 714),
(715, 2, 442, 715),
(716, 2, 442, 716),
(717, 1, 442, 717),
(718, 2, 442, 718),
(719, 2, 442, 719),
(720, 2, 442, 720),
(721, 2, 442, 721),
(722, 2, 442, 722),
(723, 2, 442, 723),
(724, 2, 442, 724),
(725, 2, 442, 725),
(726, 2, 442, 726),
(727, 2, 442, 727),
(728, 2, 442, 728),
(729, 3, 442, 729),
(730, 2, 442, 730),
(731, 2, 442, 731),
(732, 2, 442, 732),
(733, 3, 442, 733),
(734, 3, 442, 734),
(735, 2, 442, 735),
(736, 2, 442, 736),
(737, 2, 442, 737),
(738, 3, 442, 738),
(739, 2, 442, 738),
(740, 2, 442, 740),
(741, 3, 442, 741),
(742, 3, 442, 742),
(743, 3, 442, 743),
(744, 3, 442, 744),
(745, 3, 442, 745),
(746, 3, 442, 746),
(747, 3, 442, 747),
(748, 3, 442, 748),
(749, 3, 442, 749),
(750, 3, 442, 750),
(751, 3, 442, 751),
(752, 3, 442, 752),
(753, 3, 442, 753),
(754, 3, 442, 754),
(755, 3, 442, 755),
(756, 3, 442, 756),
(757, 3, 442, 757),
(758, 3, 442, 758),
(759, 3, 442, 759),
(760, 3, 442, 760),
(761, 2, 442, 761),
(762, 2, 442, 762),
(763, 2, 442, 763),
(764, 2, 442, 764),
(765, 2, 442, 765),
(766, 2, 442, 766),
(767, 2, 442, 767),
(768, 2, 442, 768),
(769, 2, 442, 769),
(770, 2, 442, 770),
(771, 2, 442, 771),
(772, 1, 442, 772),
(773, 3, 442, 773),
(774, 3, 442, 774),
(775, 3, 442, 775),
(776, 3, 442, 776),
(777, 3, 442, 777),
(778, 3, 442, 778),
(779, 3, 442, 779),
(780, 3, 442, 780),
(781, 3, 442, 781),
(782, 2, 442, 782),
(783, 3, 442, 783),
(784, 3, 442, 784),
(785, 2, 442, 785),
(786, 2, 442, 786),
(787, 3, 442, 787),
(788, 2, 442, 788),
(789, 3, 442, 789),
(790, 3, 442, 790),
(791, 3, 442, 791),
(792, 3, 442, 792),
(793, 3, 442, 793),
(794, 3, 442, 794),
(795, 3, 442, 795),
(796, 2, 442, 796),
(797, 2, 442, 797),
(798, 3, 442, 798),
(799, 2, 442, 799),
(800, 3, 442, 800),
(801, 2, 442, 801),
(802, 2, 442, 802),
(803, 3, 442, 803),
(804, 3, 442, 804),
(805, 2, 442, 805),
(806, 2, 442, 806),
(807, 2, 442, 807),
(808, 3, 442, 808),
(809, 2, 442, 809),
(810, 3, 442, 810),
(811, 2, 442, 811),
(812, 2, 442, 812),
(813, 3, 442, 813),
(814, 2, 442, 814),
(815, 2, 442, 815),
(816, 3, 442, 816),
(817, 3, 442, 817),
(818, 2, 442, 818),
(819, 2, 442, 819),
(820, 3, 442, 820),
(821, 3, 442, 821),
(822, 2, 442, 822),
(823, 3, 442, 823),
(824, 3, 442, 824),
(825, 2, 442, 825),
(826, 2, 442, 826),
(827, 2, 442, 827),
(828, 2, 442, 828),
(829, 3, 442, 829),
(830, 3, 442, 830),
(831, 2, 442, 831),
(832, 2, 442, 832),
(833, 3, 442, 833),
(834, 3, 442, 834),
(835, 1, 442, 835),
(836, 3, 442, 836),
(837, 2, 442, 837),
(838, 3, 442, 838),
(839, 2, 442, 839),
(840, 3, 442, 840),
(841, 2, 442, 841),
(842, 3, 442, 842),
(843, 3, 442, 843),
(844, 2, 442, 844),
(845, 2, 442, 845),
(846, 3, 442, 846),
(847, 2, 442, 847),
(848, 3, 442, 848),
(849, 3, 442, 849),
(850, 3, 442, 850),
(851, 3, 442, 851),
(852, 2, 442, 852),
(853, 3, 442, 853),
(854, 3, 442, 854),
(855, 2, 442, 855),
(856, 3, 442, 856),
(857, 3, 442, 857),
(858, 3, 442, 858),
(859, 3, 442, 859),
(860, 3, 442, 860),
(861, 3, 442, 861),
(862, 2, 442, 862),
(863, 2, 442, 863),
(864, 3, 442, 864),
(865, 3, 442, 865),
(866, 3, 442, 866),
(867, 3, 442, 867),
(868, 2, 442, 868),
(869, 3, 442, 869),
(870, 3, 442, 870),
(871, 3, 442, 871),
(872, 2, 442, 872),
(873, 2, 442, 873),
(874, 3, 442, 874),
(875, 2, 442, 875),
(876, 2, 442, 876),
(877, 2, 442, 877),
(878, 2, 442, 878),
(879, 2, 442, 879),
(880, 3, 442, 880),
(881, 2, 442, 881),
(882, 2, 442, 882),
(883, 3, 442, 883),
(884, 3, 442, 884),
(885, 3, 442, 885),
(886, 2, 442, 886),
(887, 3, 442, 887),
(888, 2, 442, 888),
(889, 2, 442, 889),
(890, 3, 442, 890),
(891, 3, 442, 891),
(892, 3, 442, 892),
(893, 2, 442, 893),
(894, 3, 442, 894),
(895, 3, 442, 895),
(896, 3, 442, 896),
(897, 3, 442, 897),
(898, 3, 442, 898),
(899, 2, 442, 899),
(900, 2, 442, 900),
(901, 2, 442, 901),
(902, 2, 442, 902),
(903, 3, 442, 903),
(904, 3, 442, 904),
(905, 3, 442, 905),
(906, 2, 442, 906),
(907, 3, 442, 907),
(908, 3, 442, 908),
(909, 3, 442, 909),
(910, 3, 442, 910),
(911, 3, 442, 911),
(912, 3, 442, 912),
(913, 3, 442, 913),
(914, 2, 442, 914),
(915, 3, 442, 915),
(916, 2, 442, 916),
(917, 3, 442, 917),
(918, 3, 442, 918),
(919, 3, 442, 919),
(920, 2, 442, 920),
(921, 2, 442, 921),
(922, 2, 442, 922),
(923, 3, 442, 923),
(924, 2, 442, 924),
(925, 2, 442, 925),
(926, 1, 442, 926),
(927, 3, 442, 927),
(928, 2, 442, 928),
(929, 2, 442, 929),
(930, 3, 442, 930),
(931, 2, 442, 931),
(932, 2, 442, 932),
(933, 3, 442, 933),
(934, 2, 442, 934),
(935, 2, 442, 935),
(936, 3, 442, 936),
(937, 3, 442, 937),
(938, 2, 442, 938),
(939, 2, 442, 939),
(940, 2, 442, 940),
(941, 3, 442, 941),
(942, 1, 442, 942),
(943, 3, 442, 943),
(944, 2, 442, 944),
(945, 2, 442, 945),
(946, 3, 442, 946),
(947, 3, 442, 947),
(948, 2, 442, 948),
(949, 2, 442, 949),
(950, 2, 442, 950),
(951, 2, 442, 951),
(952, 2, 442, 952),
(953, 3, 442, 953),
(954, 3, 442, 954),
(955, 3, 442, 955),
(956, 3, 442, 956),
(957, 2, 442, 957),
(958, 2, 442, 958),
(959, 2, 442, 959),
(960, 3, 442, 960),
(961, 2, 442, 961),
(962, 3, 442, 962),
(963, 3, 442, 963),
(964, 3, 442, 964),
(965, 3, 442, 965),
(966, 3, 442, 966),
(967, 3, 442, 967),
(968, 1, 442, 968),
(969, 3, 442, 969),
(970, 3, 442, 970),
(971, 3, 442, 971),
(972, 2, 442, 972),
(973, 3, 442, 973),
(974, 3, 442, 974),
(975, 2, 442, 975),
(976, 2, 442, 976),
(977, 3, 442, 977),
(978, 3, 442, 978),
(979, 3, 442, 979),
(980, 3, 442, 980),
(981, 2, 442, 981),
(982, 3, 442, 982),
(983, 1, 442, 983),
(984, 2, 442, 984),
(985, 2, 442, 985),
(986, 2, 442, 986),
(987, 3, 442, 987),
(988, 3, 442, 988),
(989, 2, 442, 989),
(990, 2, 442, 990),
(991, 3, 442, 991),
(992, 3, 442, 992),
(993, 2, 442, 993),
(994, 2, 442, 994),
(995, 2, 442, 995),
(996, 2, 442, 996),
(997, 3, 442, 997),
(998, 2, 442, 998),
(999, 2, 442, 999),
(1000, 3, 442, 1000),
(1001, 3, 442, 1001),
(1002, 2, 442, 1002),
(1003, 3, 442, 1003),
(1004, 3, 442, 1004),
(1005, 3, 442, 1005),
(1006, 2, 442, 1006),
(1007, 2, 442, 1007),
(1008, 2, 442, 1008),
(1009, 2, 442, 1009),
(1010, 1, 442, 1010),
(1011, 2, 442, 1011),
(1012, 3, 442, 1012),
(1013, 3, 442, 1013),
(1014, 3, 442, 1014),
(1015, 3, 442, 1015),
(1016, 3, 442, 1016),
(1017, 3, 442, 1017),
(1018, 3, 442, 1018),
(1019, 2, 442, 1019),
(1020, 3, 442, 1020),
(1021, 3, 442, 1021),
(1022, 3, 442, 1022),
(1023, 3, 442, 1023),
(1024, 2, 442, 1024),
(1025, 3, 442, 1025),
(1026, 2, 442, 1026),
(1027, 3, 442, 1027),
(1028, 3, 442, 1028),
(1029, 3, 442, 1029),
(1030, 3, 442, 1030),
(1031, 3, 442, 1031),
(1032, 2, 442, 1032),
(1033, 2, 442, 1033),
(1034, 2, 442, 1034),
(1035, 3, 442, 1035),
(1036, 3, 442, 1036),
(1037, 2, 442, 1037),
(1038, 2, 442, 1038),
(1039, 2, 442, 1039),
(1040, 2, 442, 1040),
(1041, 2, 442, 1041),
(1042, 3, 442, 1042),
(1043, 3, 442, 1043),
(1044, 3, 442, 1044),
(1045, 3, 442, 1045),
(1046, 2, 442, 1046),
(1047, 3, 442, 1047),
(1048, 3, 442, 1048),
(1049, 2, 442, 1049),
(1050, 2, 442, 1050),
(1051, 2, 442, 1051),
(1052, 3, 442, 1052),
(1053, 3, 442, 1053),
(1054, 1, 442, 1054),
(1055, 3, 442, 1055),
(1056, 2, 442, 1056),
(1057, 3, 442, 1057),
(1058, 2, 442, 1058),
(1059, 2, 442, 1059),
(1060, 3, 442, 1060),
(1061, 2, 442, 1061),
(1062, 2, 442, 1062),
(1063, 2, 442, 1063),
(1064, 3, 442, 1064),
(1065, 3, 442, 1065),
(1066, 3, 442, 1066),
(1067, 2, 442, 1067),
(1068, 1, 442, 1068),
(1069, 3, 442, 1069),
(1070, 2, 442, 1070),
(1071, 3, 442, 1071),
(1072, 2, 442, 1072),
(1073, 3, 442, 1073),
(1074, 2, 442, 1074),
(1075, 3, 442, 1075),
(1076, 2, 442, 1076),
(1077, 3, 442, 1077),
(1078, 2, 442, 1078),
(1079, 3, 442, 1079),
(1080, 2, 442, 1080),
(1081, 3, 442, 1081),
(1082, 2, 442, 1082),
(1083, 3, 442, 1083),
(1084, 3, 442, 1084),
(1085, 3, 442, 1085),
(1086, 3, 442, 1086),
(1087, 2, 442, 1087),
(1088, 3, 442, 1088),
(1089, 3, 442, 1089),
(1090, 3, 442, 1090),
(1091, 3, 442, 1091),
(1092, 3, 442, 1092),
(1093, 3, 442, 1093),
(1094, 3, 442, 1094),
(1095, 3, 442, 1095),
(1096, 3, 442, 1096),
(1097, 2, 442, 1097),
(1098, 2, 442, 1098),
(1099, 3, 442, 1099),
(1100, 3, 442, 1100),
(1101, 3, 442, 1101),
(1102, 3, 442, 1102),
(1103, 3, 442, 1103),
(1104, 3, 442, 1104),
(1105, 3, 442, 1105),
(1106, 2, 442, 1106),
(1107, 3, 442, 1107),
(1108, 2, 442, 1108),
(1109, 3, 442, 1109),
(1110, 2, 442, 1110),
(1111, 3, 442, 1111),
(1112, 2, 442, 1112),
(1113, 2, 442, 1113),
(1114, 3, 442, 1114),
(1115, 3, 442, 1115),
(1116, 3, 442, 1116),
(1117, 2, 442, 1117),
(1118, 3, 442, 1118),
(1119, 3, 442, 1119),
(1120, 3, 442, 1120),
(1121, 2, 442, 1121),
(1122, 2, 442, 1122),
(1123, 2, 442, 1123),
(1124, 3, 442, 1124),
(1125, 3, 442, 1125),
(1126, 3, 442, 1126),
(1127, 3, 442, 1127),
(1128, 3, 442, 1128),
(1129, 3, 442, 1129),
(1130, 2, 442, 1130),
(1131, 2, 442, 1131),
(1132, 3, 442, 1132),
(1133, 2, 442, 1133),
(1134, 3, 442, 1134),
(1135, 3, 442, 1135),
(1136, 3, 442, 1136),
(1137, 2, 442, 1137),
(1138, 2, 442, 1138),
(1139, 3, 442, 1139),
(1140, 3, 442, 1140),
(1141, 1, 442, 1141),
(1142, 3, 442, 1142),
(1143, 1, 442, 1143),
(1144, 3, 442, 1144),
(1145, 3, 442, 1145),
(1146, 3, 442, 1146),
(1147, 2, 442, 1147),
(1148, 2, 442, 1148),
(1149, 3, 442, 1149),
(1150, 3, 442, 1150),
(1151, 2, 442, 1151),
(1152, 2, 442, 1152),
(1153, 3, 442, 1153),
(1154, 3, 442, 1154),
(1155, 3, 442, 1155),
(1156, 2, 442, 1156),
(1157, 2, 442, 1157),
(1158, 1, 442, 1158),
(1159, 3, 442, 1159),
(1160, 3, 442, 1160),
(1161, 2, 442, 1161),
(1162, 3, 442, 1162),
(1163, 2, 442, 1163),
(1164, 3, 442, 1164),
(1165, 2, 442, 1165),
(1166, 3, 442, 1166),
(1167, 3, 442, 1167),
(1168, 3, 442, 1168),
(1169, 3, 442, 1169),
(1170, 1, 442, 1170),
(1171, 3, 442, 1171),
(1172, 3, 442, 1172),
(1173, 1, 442, 1173),
(1174, 3, 442, 1174),
(1175, 3, 442, 1175),
(1176, 3, 442, 1176),
(1177, 2, 442, 1177),
(1178, 3, 442, 1178),
(1179, 2, 442, 1179),
(1180, 3, 442, 1180),
(1181, 3, 442, 1181),
(1182, 2, 442, 1182),
(1183, 3, 442, 1183),
(1184, 3, 442, 1184),
(1185, 3, 442, 1185),
(1186, 3, 442, 1186),
(1187, 3, 442, 1187),
(1188, 3, 442, 1188),
(1189, 3, 442, 1189),
(1190, 2, 442, 1190),
(1191, 3, 442, 1191),
(1192, 3, 442, 1192),
(1193, 3, 442, 1193),
(1194, 2, 442, 1194),
(1195, 3, 442, 1195),
(1196, 3, 442, 1196),
(1197, 3, 442, 1197),
(1198, 3, 442, 1198),
(1199, 3, 442, 1199),
(1200, 3, 442, 1200),
(1201, 2, 442, 1201),
(1202, 3, 442, 1202),
(1203, 3, 442, 1203),
(1204, 3, 442, 1204),
(1205, 2, 442, 1205),
(1206, 3, 442, 1206),
(1207, 3, 442, 1207),
(1208, 3, 442, 1208),
(1209, 2, 442, 1209),
(1210, 3, 442, 1210),
(1211, 2, 442, 1211),
(1212, 2, 442, 1212),
(1213, 2, 442, 1213),
(1214, 3, 442, 1214),
(1215, 3, 442, 1215),
(1216, 3, 442, 1216),
(1217, 2, 442, 1217),
(1218, 2, 442, 1218),
(1219, 3, 442, 1219),
(1220, 2, 442, 1220),
(1221, 1, 442, 1221),
(1222, 2, 442, 1222),
(1223, 3, 442, 1223),
(1224, 2, 442, 1224),
(1225, 3, 442, 1225),
(1226, 3, 442, 1226),
(1227, 2, 442, 1227),
(1228, 3, 442, 1228),
(1229, 2, 442, 1229),
(1230, 3, 442, 1230),
(1231, 3, 442, 1231),
(1232, 3, 442, 1232),
(1233, 3, 442, 1233),
(1234, 3, 442, 1234),
(1235, 3, 442, 1235),
(1236, 3, 442, 1236),
(1237, 2, 442, 1237),
(1238, 2, 442, 1238),
(1239, 3, 442, 1239),
(1240, 3, 442, 1240),
(1241, 2, 442, 1241),
(1242, 3, 442, 1242),
(1243, 2, 442, 1243),
(1244, 3, 442, 1244),
(1245, 2, 442, 1245),
(1246, 2, 442, 1246),
(1247, 2, 442, 1247),
(1248, 2, 442, 1248),
(1249, 3, 442, 1249),
(1250, 3, 442, 1250),
(1251, 1, 442, 1251),
(1252, 3, 442, 1252),
(1253, 3, 442, 1253),
(1254, 3, 442, 1254),
(1255, 2, 442, 1255),
(1256, 3, 442, 1256),
(1257, 3, 442, 1257),
(1258, 1, 442, 1258),
(1259, 3, 442, 1259),
(1260, 2, 442, 1260),
(1261, 2, 442, 1261),
(1262, 2, 442, 1262),
(1263, 2, 442, 1263),
(1264, 3, 442, 1264),
(1265, 3, 442, 1265),
(1266, 3, 442, 1266),
(1267, 3, 442, 1267),
(1268, 3, 442, 1268),
(1269, 2, 442, 1269),
(1270, 2, 442, 1270),
(1271, 2, 442, 1271);

-- --------------------------------------------------------

--
-- Estructura de tabla para la tabla `shippinginfo`
--

CREATE TABLE `shippinginfo` (
  `idshipinfo` varchar(45) NOT NULL,
  `city_idcity` int(11) NOT NULL,
  `address_shippinginfo` varchar(100) NOT NULL,
  `neighborhood_shippinginfo` varchar(45) NOT NULL,
  `name_shippinginfo` varchar(45) NOT NULL,
  `surname_shippinginfo` varchar(45) NOT NULL,
  `typeid_shippinginfo` varchar(45) NOT NULL,
  `number_id_shippinginfo` varchar(45) NOT NULL,
  `number_phone_shippinginfo` varchar(45) NOT NULL,
  `email_shippinginfo` varchar(45) NOT NULL
) ENGINE=InnoDB DEFAULT CHARSET=utf8mb4;

-- --------------------------------------------------------

--
-- Estructura de tabla para la tabla `size`
--

CREATE TABLE `size` (
  `idsize` varchar(45) NOT NULL,
  `description_size` varchar(100) NOT NULL
) ENGINE=InnoDB DEFAULT CHARSET=utf8;

--
-- Volcado de datos para la tabla `size`
--

INSERT INTO `size` (`idsize`, `description_size`) VALUES
('0', '0'),
('10', '10'),
('12', '12'),
('14', '14'),
('16', '16'),
('19', '19'),
('2', '2'),
('20', '20'),
('21', '21'),
('22', '22'),
('23', '23'),
('24', '24'),
('25', '25'),
('26', '26'),
('27', '27'),
('28', '28'),
('29', '29'),
('30', '30'),
('31', '31'),
('32', '32'),
('33', '33'),
('34', '34'),
('35', '35'),
('36', '36'),
('37', '37'),
('38', '38'),
('39', '39'),
('4', '4'),
('40', '40'),
('41', '41'),
('42', '42'),
('43', '43'),
('44', '44'),
('45', '45'),
('6', '6'),
('8', '8'),
('GRANDE', 'GRANDE'),
('L', 'L'),
('M', 'M'),
('MEDIANA', 'MEDIANA'),
('PEQUENO', 'PEQUEÑO'),
('S', 'S'),
('XL', 'XL'),
('XS', 'XS'),
('XXL', 'XXL'),
('XXXL', 'XXXL');

-- --------------------------------------------------------

--
-- Estructura de tabla para la tabla `sorteo`
--

CREATE TABLE `sorteo` (
  `id_sorteo` int(11) NOT NULL,
  `ip_sorteo` varchar(45) NOT NULL,
  `date_sorteo` varchar(45) NOT NULL,
  `hour_sorteo` varchar(45) NOT NULL,
  `id_order_sorteo` varchar(45) NOT NULL,
  `email_sorteo` varchar(45) NOT NULL,
  `price_order_sorteo` varchar(45) NOT NULL
) ENGINE=InnoDB DEFAULT CHARSET=utf8mb4;

-- --------------------------------------------------------

--
-- Estructura de tabla para la tabla `transaction`
--

CREATE TABLE `transaction` (
  `idtransaction` varchar(45) NOT NULL,
  `reference_sale` varchar(45) DEFAULT NULL,
  `state_pol` varchar(45) DEFAULT NULL,
  `reference_pol` varchar(45) DEFAULT NULL,
  `value` varchar(45) DEFAULT NULL,
  `transaction_date` varchar(45) DEFAULT NULL,
  `cus` varchar(45) DEFAULT NULL,
  `pse_bank` varchar(45) DEFAULT NULL,
  `ip` varchar(45) DEFAULT NULL,
  `payment_method_id` varchar(45) DEFAULT NULL,
  `response_message_pol` varchar(45) DEFAULT NULL,
  `payment_method_name` varchar(45) DEFAULT NULL,
  `sign` varchar(45) DEFAULT NULL,
  `key_sign` varchar(45) DEFAULT NULL
) ENGINE=InnoDB DEFAULT CHARSET=latin1;

-- --------------------------------------------------------

--
-- Estructura de tabla para la tabla `typejourney`
--

CREATE TABLE `typejourney` (
  `idtypejourney` int(11) NOT NULL,
  `name_typejourney` varchar(45) NOT NULL,
  `price_typejourney` int(11) NOT NULL
) ENGINE=InnoDB DEFAULT CHARSET=utf8mb4;

--
-- Volcado de datos para la tabla `typejourney`
--

INSERT INTO `typejourney` (`idtypejourney`, `name_typejourney`, `price_typejourney`) VALUES
(1, 'ZONAL', 8000),
(2, 'NACIONAL', 10600),
(3, 'ESPECIAL', 21000),
(4, 'SUPER ESPECIAL', 40000),
(5, 'LOCAL', 3000);

--
-- Índices para tablas volcadas
--

--
-- Indices de la tabla `administrator`
--
ALTER TABLE `administrator`
  ADD PRIMARY KEY (`idadministrator`);

--
-- Indices de la tabla `administrator_has_permission`
--
ALTER TABLE `administrator_has_permission`
  ADD PRIMARY KEY (`administrator_idadministrator`,`permission_idpermission`),
  ADD KEY `fk_administrator_has_permission_permission1` (`permission_idpermission`);

--
-- Indices de la tabla `category`
--
ALTER TABLE `category`
  ADD PRIMARY KEY (`idcategory`);

--
-- Indices de la tabla `category_has_size`
--
ALTER TABLE `category_has_size`
  ADD PRIMARY KEY (`category_idcategory`,`size_idsize`),
  ADD KEY `fk_category_has_size_size1` (`size_idsize`);

--
-- Indices de la tabla `city`
--
ALTER TABLE `city`
  ADD PRIMARY KEY (`idcity`),
  ADD KEY `department_city` (`department_city`) USING BTREE;

--
-- Indices de la tabla `codigosmoto`
--
ALTER TABLE `codigosmoto`
  ADD PRIMARY KEY (`id_codigosmoto`);

--
-- Indices de la tabla `department`
--
ALTER TABLE `department`
  ADD PRIMARY KEY (`iddepartment`);

--
-- Indices de la tabla `group_of_category`
--
ALTER TABLE `group_of_category`
  ADD PRIMARY KEY (`id_group_of_category`);

--
-- Indices de la tabla `link`
--
ALTER TABLE `link`
  ADD PRIMARY KEY (`id_link`),
  ADD KEY `fk_link_order` (`order_link`),
  ADD KEY `fk_link_admin` (`admin_link`);

--
-- Indices de la tabla `order`
--
ALTER TABLE `order`
  ADD PRIMARY KEY (`reference_order`),
  ADD KEY `fk_order_shippinginfo1` (`shippinginfo_idshipinfo`);

--
-- Indices de la tabla `orderdetails`
--
ALTER TABLE `orderdetails`
  ADD PRIMARY KEY (`id`),
  ADD KEY `fk_orderdetails_order1` (`order_reference_order`),
  ADD KEY `fk_orderdetails_product1` (`product_reference`,`product_category_idcategory`);

--
-- Indices de la tabla `permission`
--
ALTER TABLE `permission`
  ADD PRIMARY KEY (`idpermission`);

--
-- Indices de la tabla `product`
--
ALTER TABLE `product`
  ADD PRIMARY KEY (`reference`,`category_idcategory`),
  ADD KEY `fk_product_category` (`category_idcategory`);

--
-- Indices de la tabla `reference_group`
--
ALTER TABLE `reference_group`
  ADD PRIMARY KEY (`id_reference_group`,`group_of_category_id_group_of_category`),
  ADD KEY `fk_Reference_group_group_of_category1` (`group_of_category_id_group_of_category`);

--
-- Indices de la tabla `servientrega`
--
ALTER TABLE `servientrega`
  ADD PRIMARY KEY (`idjourney`),
  ADD KEY `fk_servientrega_typejourney` (`typejourney_idtypejourney`),
  ADD KEY `fk_servientrega_city1` (`city_idcity_origin`),
  ADD KEY `fk_servientrega_city2` (`city_idcity_destination`);

--
-- Indices de la tabla `shippinginfo`
--
ALTER TABLE `shippinginfo`
  ADD PRIMARY KEY (`idshipinfo`),
  ADD KEY `fk_shippinginformation_city1` (`city_idcity`);

--
-- Indices de la tabla `size`
--
ALTER TABLE `size`
  ADD PRIMARY KEY (`idsize`);

--
-- Indices de la tabla `sorteo`
--
ALTER TABLE `sorteo`
  ADD PRIMARY KEY (`id_sorteo`);

--
-- Indices de la tabla `transaction`
--
ALTER TABLE `transaction`
  ADD PRIMARY KEY (`idtransaction`);

--
-- Indices de la tabla `typejourney`
--
ALTER TABLE `typejourney`
  ADD PRIMARY KEY (`idtypejourney`);

--
-- AUTO_INCREMENT de las tablas volcadas
--

--
-- AUTO_INCREMENT de la tabla `codigosmoto`
--
ALTER TABLE `codigosmoto`
  MODIFY `id_codigosmoto` int(11) NOT NULL AUTO_INCREMENT;

--
-- AUTO_INCREMENT de la tabla `group_of_category`
--
ALTER TABLE `group_of_category`
  MODIFY `id_group_of_category` int(11) NOT NULL AUTO_INCREMENT, AUTO_INCREMENT=2;

--
-- AUTO_INCREMENT de la tabla `link`
--
ALTER TABLE `link`
  MODIFY `id_link` int(11) NOT NULL AUTO_INCREMENT;

--
-- AUTO_INCREMENT de la tabla `orderdetails`
--
ALTER TABLE `orderdetails`
  MODIFY `id` int(11) NOT NULL AUTO_INCREMENT;

--
-- AUTO_INCREMENT de la tabla `permission`
--
ALTER TABLE `permission`
  MODIFY `idpermission` int(11) NOT NULL AUTO_INCREMENT, AUTO_INCREMENT=13;

--
-- AUTO_INCREMENT de la tabla `sorteo`
--
ALTER TABLE `sorteo`
  MODIFY `id_sorteo` int(11) NOT NULL AUTO_INCREMENT;

--
-- AUTO_INCREMENT de la tabla `typejourney`
--
ALTER TABLE `typejourney`
  MODIFY `idtypejourney` int(11) NOT NULL AUTO_INCREMENT, AUTO_INCREMENT=6;

--
-- Restricciones para tablas volcadas
--

--
-- Filtros para la tabla `administrator_has_permission`
--
ALTER TABLE `administrator_has_permission`
  ADD CONSTRAINT `fk_administrator_has_permission_administrator1` FOREIGN KEY (`administrator_idadministrator`) REFERENCES `administrator` (`idadministrator`),
  ADD CONSTRAINT `fk_administrator_has_permission_permission1` FOREIGN KEY (`permission_idpermission`) REFERENCES `permission` (`idpermission`);

--
-- Filtros para la tabla `category_has_size`
--
ALTER TABLE `category_has_size`
  ADD CONSTRAINT `fk_category_has_size_category1` FOREIGN KEY (`category_idcategory`) REFERENCES `category` (`idcategory`),
  ADD CONSTRAINT `fk_category_has_size_size1` FOREIGN KEY (`size_idsize`) REFERENCES `size` (`idsize`);

--
-- Filtros para la tabla `city`
--
ALTER TABLE `city`
  ADD CONSTRAINT `city_ibfk_1` FOREIGN KEY (`department_city`) REFERENCES `department` (`iddepartment`);

--
-- Filtros para la tabla `link`
--
ALTER TABLE `link`
  ADD CONSTRAINT `fk_link_admin` FOREIGN KEY (`admin_link`) REFERENCES `administrator` (`idadministrator`),
  ADD CONSTRAINT `fk_link_order` FOREIGN KEY (`order_link`) REFERENCES `order` (`reference_order`);

--
-- Filtros para la tabla `order`
--
ALTER TABLE `order`
  ADD CONSTRAINT `fk_order_shippinginfo1` FOREIGN KEY (`shippinginfo_idshipinfo`) REFERENCES `shippinginfo` (`idshipinfo`);

--
-- Filtros para la tabla `orderdetails`
--
ALTER TABLE `orderdetails`
  ADD CONSTRAINT `fk_orderdetails_order1` FOREIGN KEY (`order_reference_order`) REFERENCES `order` (`reference_order`),
  ADD CONSTRAINT `fk_orderdetails_product1` FOREIGN KEY (`product_reference`,`product_category_idcategory`) REFERENCES `product` (`reference`, `category_idcategory`);

--
-- Filtros para la tabla `product`
--
ALTER TABLE `product`
  ADD CONSTRAINT `fk_product_category` FOREIGN KEY (`category_idcategory`) REFERENCES `category` (`idcategory`);

--
-- Filtros para la tabla `reference_group`
--
ALTER TABLE `reference_group`
  ADD CONSTRAINT `fk_Reference_group_group_of_category1` FOREIGN KEY (`group_of_category_id_group_of_category`) REFERENCES `group_of_category` (`id_group_of_category`) ON DELETE NO ACTION ON UPDATE NO ACTION;

--
-- Filtros para la tabla `servientrega`
--
ALTER TABLE `servientrega`
  ADD CONSTRAINT `fk_servientrega_city1` FOREIGN KEY (`city_idcity_origin`) REFERENCES `city` (`idcity`),
  ADD CONSTRAINT `fk_servientrega_city2` FOREIGN KEY (`city_idcity_destination`) REFERENCES `city` (`idcity`),
  ADD CONSTRAINT `fk_servientrega_typejourney` FOREIGN KEY (`typejourney_idtypejourney`) REFERENCES `typejourney` (`idtypejourney`);

--
-- Filtros para la tabla `shippinginfo`
--
ALTER TABLE `shippinginfo`
  ADD CONSTRAINT `fk_shippinginformation_city1` FOREIGN KEY (`city_idcity`) REFERENCES `city` (`idcity`) ON DELETE NO ACTION ON UPDATE NO ACTION;
COMMIT;

/*!40101 SET CHARACTER_SET_CLIENT=@OLD_CHARACTER_SET_CLIENT */;
/*!40101 SET CHARACTER_SET_RESULTS=@OLD_CHARACTER_SET_RESULTS */;
/*!40101 SET COLLATION_CONNECTION=@OLD_COLLATION_CONNECTION */;
