-- phpMyAdmin SQL Dump
-- version 5.0.4
-- https://www.phpmyadmin.net/
--
-- Servidor: 127.0.0.1
-- Tiempo de generación: 19-02-2021 a las 16:36:56
-- Versión del servidor: 10.4.17-MariaDB
-- Versión de PHP: 7.4.13

SET SQL_MODE = "NO_AUTO_VALUE_ON_ZERO";
START TRANSACTION;
SET time_zone = "+00:00";


/*!40101 SET @OLD_CHARACTER_SET_CLIENT=@@CHARACTER_SET_CLIENT */;
/*!40101 SET @OLD_CHARACTER_SET_RESULTS=@@CHARACTER_SET_RESULTS */;
/*!40101 SET @OLD_COLLATION_CONNECTION=@@COLLATION_CONNECTION */;
/*!40101 SET NAMES utf8mb4 */;

--
-- Base de datos: `peradkco_ecommerce`
--

-- --------------------------------------------------------

--
-- Estructura de tabla para la tabla `administrator`
--

CREATE TABLE `administrator` (
  `idadministrator` int(11) NOT NULL,
  `password_admin` varchar(100) NOT NULL,
  `name_admin` varchar(45) NOT NULL,
  `surname_admin` varchar(45) NOT NULL,
  `image_admin` varchar(45) NOT NULL
) ENGINE=InnoDB DEFAULT CHARSET=utf8mb4;

--
-- Volcado de datos para la tabla `administrator`
--

INSERT INTO `administrator` (`idadministrator`, `password_admin`, `name_admin`, `surname_admin`, `image_admin`) VALUES
(1098823092, '1098823092fs', 'Fabian', 'Suarez', 'sin-image.jpg');

-- --------------------------------------------------------

--
-- Estructura de tabla para la tabla `category`
--

CREATE TABLE `category` (
  `idcategory` int(11) NOT NULL,
  `name_category` varchar(45) NOT NULL,
  `price_category` double NOT NULL,
  `description_category` varchar(100) NOT NULL,
  `image_category` varchar(100) NOT NULL,
  `creationdate_category` varchar(45) NOT NULL,
  `route_category` varchar(45) NOT NULL
) ENGINE=InnoDB DEFAULT CHARSET=utf8;

--
-- Volcado de datos para la tabla `category`
--

INSERT INTO `category` (`idcategory`, `name_category`, `price_category`, `description_category`, `image_category`, `creationdate_category`, `route_category`) VALUES
(1, 'Clásicas', 70000, '', 'Clasica Mujer.jpg', '2021-01-06', 'clasicas'),
(2, 'Plataforma', 80000, '', 'Plataforma Mujer.jpg', '2021-01-06', 'plataformas'),
(3, 'Body Manga Sisa', 57000, '', 'Body Sisa.jpg', '2021-01-06', 'bodysisas'),
(4, 'Body Manga Larga', 70000, '', 'Body Manga Larga.jpg', '2021-01-06', 'bodylargas'),
(5, 'Medias Dama', 25000, '', 'Medias Dama.jpg', '2021-01-06', 'medias'),
(6, 'Rizos', 25000, '', 'Rizos.jpg', '2021-01-06', 'rizos'),
(7, 'Pantaloneta', 70000, '', 'Pantaloneta.jpg', '2021-01-06', 'pantaloneta'),
(8, 'Deportivos', 80000, '', 'Deportivos.jpg', '2021-01-06', 'deportivos'),
(9, 'Leggings', 70000, '', 'Leggings.jpg', '2021-01-06', 'leggings'),
(10, 'Jeans', 80000, '', 'Jeans.jpg', '2021-01-06', 'jeans'),
(11, 'Bikinis', 70000, '', 'Bikinis.jpg', '2021-01-06', 'bikinis'),
(12, 'Camisetas Mujer', 48000, '', 'Camisetas Mujer.jpg', '2021-01-06', ''),
(13, 'Enterizos', 80000, '', 'Enterizos.jpg', '2021-01-06', 'enterizos'),
(14, 'Tapabocas', 10000, '', 'Tapabocas.jpg', '2021-01-06', 'tapabocas'),
(15, 'Pijama', 52000, '', 'Pijama.jpg', '2021-01-06', 'pijamas'),
(18, 'Medias Caballero', 22000, '', 'Medias Caballero.jpg', '2021-01-06', ''),
(100, 'Clasi Especiales', 75000, '', 'Clasi Especiales.jpg', '2021-01-06', ''),
(120, 'Camisetas Hombre', 48000, '', 'Camisetas Hombre.jpg', '2021-01-06', ''),
(200, 'Plata Especiales', 87000, '', 'Plata Especiales.jpg', '2021-01-06', '');

-- --------------------------------------------------------

--
-- Estructura de tabla para la tabla `category_has_size`
--

CREATE TABLE `category_has_size` (
  `category_idcategory` int(11) NOT NULL,
  `size_idsize` varchar(45) NOT NULL
) ENGINE=InnoDB DEFAULT CHARSET=utf8;

--
-- Volcado de datos para la tabla `category_has_size`
--

INSERT INTO `category_has_size` (`category_idcategory`, `size_idsize`) VALUES
(1, '19'),
(1, '20'),
(1, '21'),
(1, '22'),
(1, '23'),
(1, '24'),
(1, '25'),
(1, '26'),
(1, '27'),
(1, '28'),
(1, '29'),
(1, '30'),
(1, '31'),
(1, '32'),
(1, '33'),
(1, '34'),
(1, '35'),
(1, '36'),
(1, '37'),
(1, '38'),
(1, '39'),
(1, '40'),
(1, '41'),
(1, '42'),
(1, '43'),
(1, '44'),
(1, '45'),
(2, '34'),
(2, '35'),
(2, '36'),
(2, '37'),
(2, '38'),
(2, '39'),
(2, '40'),
(2, '41'),
(2, '42'),
(3, 'L'),
(3, 'M'),
(3, 'S'),
(3, 'XL'),
(3, 'XS'),
(3, 'XXL'),
(4, 'L'),
(4, 'M'),
(4, 'S'),
(4, 'XL'),
(4, 'XS'),
(4, 'XXL'),
(7, '0'),
(7, '10'),
(7, '12'),
(7, '14'),
(7, '16'),
(7, '2'),
(7, '4'),
(7, '6'),
(7, '8'),
(7, 'L'),
(7, 'M'),
(7, 'S'),
(7, 'XL'),
(7, 'XS'),
(7, 'XXL'),
(9, '10'),
(9, '12'),
(9, '14'),
(9, '16'),
(9, '4'),
(9, '6'),
(9, '8'),
(12, 'L'),
(12, 'M'),
(12, 'S'),
(12, 'XL'),
(12, 'XS'),
(12, 'XXL'),
(14, 'GRANDE'),
(14, 'MEDIANA'),
(14, 'PEQUENO'),
(15, 'L'),
(15, 'M'),
(15, 'S'),
(15, 'XL'),
(15, 'XS'),
(15, 'XXL'),
(100, '19'),
(100, '20'),
(100, '21'),
(100, '22'),
(100, '23'),
(100, '24'),
(100, '25'),
(100, '26'),
(100, '27'),
(100, '28'),
(100, '29'),
(100, '30'),
(100, '31'),
(100, '32'),
(100, '33'),
(100, '34'),
(100, '35'),
(100, '36'),
(100, '37'),
(100, '38'),
(100, '39'),
(100, '40'),
(100, '41'),
(100, '42'),
(100, '43'),
(100, '44'),
(100, '45'),
(120, 'L'),
(120, 'M'),
(120, 'XL'),
(120, 'XS'),
(120, 'XXL'),
(200, '34'),
(200, '35'),
(200, '36'),
(200, '37'),
(200, '38'),
(200, '39'),
(200, '40'),
(200, '41'),
(200, '42');

-- --------------------------------------------------------

--
-- Estructura de tabla para la tabla `city`
--

CREATE TABLE `city` (
  `idcity` int(11) NOT NULL,
  `name_city` varchar(100) NOT NULL,
  `department_city` int(11) NOT NULL
) ENGINE=InnoDB DEFAULT CHARSET=latin1;

--
-- Volcado de datos para la tabla `city`
--

INSERT INTO `city` (`idcity`, `name_city`, `department_city`) VALUES
(1, 'ACACIAS', 23),
(2, 'ACAPULCO', 29),
(3, 'ACEVEDO', 20),
(4, 'AGUA DE DIOS', 17),
(5, 'AGUACHICA', 12),
(6, 'AGUADAS', 8),
(7, 'AGUAS CLARAS', 25),
(8, 'AGUAZUL', 10),
(9, 'AIPE', 20),
(10, 'ALBAN', 17),
(11, 'ALBANIA', 21),
(12, 'ALBANIA (S)', 29),
(13, 'ALDANA', 24),
(14, 'ALGECIRAS', 20),
(15, 'ALTAMIRA', 20),
(16, 'ALTO POMPEYA', 23),
(17, 'ALVARADO', 31),
(18, 'AMAGA', 2),
(19, 'AMALFI', 2),
(20, 'AMBALEMA', 31),
(21, 'ANAPOIMA', 17),
(22, 'ANDALUCIA', 32),
(23, 'ANDES', 2),
(24, 'ANOLAIMA', 17),
(25, 'ANSERMA', 8),
(26, 'ANSERMA NUEVO', 32),
(27, 'ANZOATEGUI', 31),
(28, 'APARTADO', 2),
(29, 'APIA', 28),
(30, 'APIAY', 23),
(31, 'APULO', 17),
(32, 'AQUITANIA', 7),
(33, 'ARACATACA', 22),
(34, 'ARANZAZU', 8),
(35, 'ARATOCA', 29),
(36, 'ARAUCA', 3),
(37, 'ARAUQUITA', 3),
(38, 'ARBELAEZ', 17),
(39, 'ARBOLEDAS', 25),
(40, 'ARBOLETES', 2),
(41, 'ARCABUCO', 7),
(42, 'ARGELIA (A)', 2),
(43, 'ARGELIA (V)', 32),
(44, 'ARJONA B', 6),
(45, 'ARMENIA (Q)', 27),
(46, 'ARMERO', 31),
(47, 'Armero', 31),
(48, 'ATACO', 31),
(49, 'AYAPEL', 16),
(50, 'BALBOA', 28),
(51, 'BARANOA', 5),
(52, 'BARAYA', 20),
(53, 'BARBOSA', 2),
(54, 'BARBOSA', 29),
(55, 'BARICHARA', 29),
(56, 'BARRANCA DE UPIA', 23),
(57, 'BARRANCABERMEJA', 29),
(58, 'BARRANCAS', 21),
(59, 'BARRANQUILLA', 5),
(60, 'BAYUNCA', 6),
(61, 'BECERRIL', 12),
(62, 'BELALCAZAR (CL)', 8),
(63, 'BELEN', 7),
(64, 'BELEN DE LOS ANDAQUIES', 9),
(65, 'BELEN DE UMBRIA', 28),
(66, 'BELLO', 2),
(67, 'BERBEO', 7),
(68, 'BETULIA', 29),
(69, 'BOAVITA', 7),
(70, 'BOCHALEMA', 25),
(71, 'BOGOTA', 17),
(72, 'BOJACA', 17),
(73, 'BOLIVAR (C)', 11),
(74, 'BOLIVAR (V)', 32),
(75, 'BOLIVIA', 8),
(76, 'BORRERO AYERBE', 32),
(77, 'BOSCONIA', 12),
(78, 'BRICE?O', 17),
(79, 'BUCARAMANGA', 29),
(80, 'BUENAVENTURA', 32),
(81, 'BUENAVISTA', 7),
(82, 'BUENAVISTA', 27),
(83, 'BUENAVISTA (COR)', 16),
(84, 'BUENOS AIRES', 31),
(85, 'BUESACO', 24),
(86, 'BUGA', 32),
(87, 'BUGALAGRANDE', 32),
(88, 'BUSBANZA', 7),
(89, 'CABRERA', 17),
(90, 'CABUYARO', 23),
(91, 'CACHIPAY', 17),
(92, 'CACHIRA', 25),
(93, 'CAICEDO', 2),
(94, 'CAICEDONIA', 32),
(95, 'CAJAMARCA', 31),
(96, 'CAJIBIO', 11),
(97, 'CAJICA', 17),
(98, 'CALARCA', 27),
(99, 'CALDAS', 2),
(100, 'CALI', 32),
(101, 'CALOTO', 11),
(102, 'CAMPO DOS', 25),
(103, 'CAMPOALEGRE', 20),
(104, 'CANALETE', 16),
(105, 'CANDELARIA', 5),
(106, 'CANDELARIA', 32),
(107, 'CANTAGALLO', 6),
(108, 'CAPARRAPI', 17),
(109, 'CAPITANEJO', 29),
(110, 'CAQUEZA', 17),
(111, 'CARACOLI', 2),
(112, 'CAREPA', 2),
(113, 'CARMEN DE APICALA', 31),
(114, 'CARMEN DE CARUPA', 17),
(115, 'CAROLINA', 2),
(116, 'CARRILLO', 16),
(117, 'CARTAGENA', 6),
(118, 'CARTAGENA DEL CHAIRA', 9),
(119, 'CARTAGO', 32),
(120, 'CASABE - YONDO', 2),
(121, 'CASABIANCA', 31),
(122, 'CASCAJAL', 6),
(123, 'CASTILLA LA NUEVA', 23),
(124, 'CATAMBUCO', 24),
(125, 'CAUCASIA', 2),
(126, 'CERETE', 16),
(127, 'CERRITO', 2),
(128, 'CHAGUANI', 17),
(129, 'CHAPARRAL', 31),
(130, 'CHARALA', 29),
(131, 'CHIA', 17),
(132, 'CHICORAL', 31),
(133, 'CHIGORODO', 2),
(134, 'CHIMA (C)', 16),
(135, 'CHIMICHAGUA', 12),
(136, 'CHINACOTA', 25),
(137, 'CHINAUTA', 17),
(138, 'CHINAVITA', 7),
(139, 'CHINCHINA', 8),
(140, 'CHINU', 16),
(141, 'CHIPAQUE', 17),
(142, 'CHIQUINQUIRA', 7),
(143, 'CHIRIGUANA', 12),
(144, 'CHISCAS', 7),
(145, 'CHITA', 7),
(146, 'CHITARAQUE', 7),
(147, 'CHIVATA', 7),
(148, 'CHIVOR', 7),
(149, 'CHOACHI', 17),
(150, 'CHOCONTA', 17),
(151, 'CIENEGA', 7),
(152, 'CIMITARRA', 29),
(153, 'CIRCASIA', 27),
(154, 'CITE', 29),
(155, 'CIUDAD BOLIVAR', 2),
(156, 'COCORNA', 2),
(157, 'COLOMBIA', 20),
(158, 'COMBITA', 7),
(159, 'CONCEPCION', 2),
(160, 'CONCEPCION', 29),
(161, 'CONFINES', 29),
(162, 'CONTRATACION', 29),
(163, 'CONVENCION', 25),
(164, 'COPACABANA', 2),
(165, 'CORINTO', 11),
(166, 'COROMORO', 29),
(167, 'COROZAL', 30),
(168, 'COTA', 17),
(169, 'COTORRA', 16),
(170, 'COTORRA (I)', 16),
(171, 'COVE?AS', 30),
(172, 'COYAIMA', 31),
(173, 'CUBARA', 7),
(174, 'CUBARRAL', 23),
(175, 'CUCAITA', 7),
(176, 'CUCUNUBA', 17),
(177, 'CUCUTA', 25),
(178, 'CUMARAL', 23),
(179, 'CUMBAL', 24),
(180, 'CUNDAY', 31),
(181, 'CURILLO', 9),
(182, 'CURITI', 29),
(183, 'CURRULAO', 2),
(184, 'CURUMANI', 12),
(185, 'DAGUA', 32),
(186, 'DARIEN (CALIMA)', 32),
(187, 'DARIEN (CALIMA)', 32),
(188, 'DISTRACCION', 21),
(189, 'DOLORES', 31),
(190, 'DON MATIAS ', 2),
(191, 'DORADAL', 2),
(192, 'DOSQUEBRADAS', 28),
(193, 'DUITAMA', 7),
(194, 'DURANIA', 25),
(195, 'EL AGUILA', 32),
(196, 'EL BAGRE', 2),
(197, 'EL BANCO', 22),
(198, 'EL CAIMO', 27),
(199, 'EL CAIRO', 32),
(200, 'EL CARMEN DE BOLIVAR', 6),
(201, 'EL CARMEN DE CHUCURI', 29),
(202, 'EL CARMEN DE VIBORAL', 2),
(203, 'EL CASTILLO', 23),
(204, 'EL CENTRO', 29),
(205, 'EL CERRITO', 32),
(206, 'EL COCUY', 7),
(207, 'EL COLEGIO (MESITAS)', 17),
(208, 'EL COPEY', 12),
(209, 'EL DONCELLO', 9),
(210, 'EL DORADO', 23),
(211, 'EL DOVIO', 32),
(212, 'EL ESPINO', 7),
(213, 'EL JUNCAL', 14),
(214, 'EL MOLINO', 21),
(215, 'EL PASO', 12),
(216, 'EL PAUJIL', 9),
(217, 'EL PLACER (V)', 32),
(218, 'EL PLAYON', 29),
(219, 'EL PORVENIR (C)', 16),
(220, 'EL ROSAL', 17),
(221, 'EL ZULIA', 25),
(222, 'ELIAS', 20),
(223, 'ENCINO', 29),
(224, 'ENCISO', 29),
(225, 'ENTRERRIOS', 2),
(226, 'ENVIGADO', 2),
(227, 'ESPINAL', 31),
(228, 'FACATATIVA', 17),
(229, 'FILADELFIA', 8),
(230, 'FILANDIA', 27),
(231, 'FIRAVITOBA', 7),
(232, 'FLANDES', 31),
(233, 'FLORENCIA', 9),
(234, 'FLORENCIA', 11),
(235, 'FLORIDA', 32),
(236, 'FLORIDABLANCA', 29),
(237, 'FOMEQUE', 17),
(238, 'FONSECA', 21),
(239, 'FORTUL', 3),
(240, 'FOSCA', 17),
(241, 'FREDONIA', 2),
(242, 'FUENTE DE ORO', 23),
(243, 'FUNDACION', 22),
(244, 'FUNZA', 17),
(245, 'FUSAGASUGA', 17),
(246, 'GACHALA', 17),
(247, 'GACHETA', 17),
(248, 'GAIRA', 22),
(249, 'GALAPA', 5),
(250, 'GALERAS', 30),
(251, 'GAMA', 17),
(252, 'GAMARRA', 12),
(253, 'GAMBITA', 29),
(254, 'GARAGOA', 7),
(255, 'GARZON', 20),
(256, 'GENOVA (Q)', 27),
(257, 'GIGANTE', 20),
(258, 'GINEBRA', 32),
(259, 'GIRARDOT', 17),
(260, 'GIRARDOTA', 2),
(261, 'GIRON', 29),
(262, 'GOMEZ PLATA', 2),
(263, 'GRANADA', 2),
(264, 'GRANADA (M)', 23),
(265, 'GUACA', 29),
(266, 'GUACAMAYAS', 7),
(267, 'GUACARI', 32),
(268, 'GUACHUCAL', 24),
(269, 'GUADALUPE', 2),
(270, 'GUADALUPE', 20),
(271, 'GUADALUPE', 29),
(272, 'GUADUAS', 17),
(273, 'GUAMAL', 23),
(274, 'GUAMO', 31),
(275, 'GUARNE', 2),
(276, 'GUASCA', 17),
(277, 'GUATEQUE', 7),
(278, 'GUATICA', 28),
(279, 'GUAYABAL DE SIQUIMA', 17),
(280, 'GUAYABETAL', 17),
(281, 'GUAYATA', 7),
(282, 'GUEPSA', 29),
(283, 'GUICAN', 7),
(284, 'HATO COROZAL', 10),
(285, 'HATONUEVO', 21),
(286, 'HERVEO', 31),
(287, 'HOBO', 20),
(288, 'HONDA', 31),
(289, 'IBAGUE', 31),
(290, 'ICONONZO', 31),
(291, 'IMUES', 24),
(292, 'IPIALES', 24),
(293, 'IQUIRA', 20),
(294, 'IRRA', 28),
(295, 'ISTMINA', 15),
(296, 'ITAGUI', 2),
(297, 'JAMUNDI', 32),
(298, 'JARDIN', 2),
(299, 'JENESANO', 7),
(300, 'JERICO', 2),
(301, 'JUAN DE ACOSTA', 5),
(302, 'JUNIN', 17),
(303, 'LA APARTADA Y LA FRONTERA', 16),
(304, 'LA ARGENTINA', 20),
(305, 'LA CALERA', 17),
(306, 'LA CEJA', 2),
(307, 'LA CELIA', 28),
(308, 'LA DONJUANA', 25),
(309, 'LA DORADA', 8),
(310, 'LA ESPERANZA', 25),
(311, 'LA ESTRELLA', 2),
(312, 'LA FLORIDA', 17),
(313, 'LA GLORIA', 12),
(314, 'LA GRAN VIA', 22),
(315, 'LA HORMIGA', 26),
(316, 'LA LLANADA', 24),
(317, 'LA LOMA', 14),
(318, 'LA MACARENA', 23),
(319, 'LA MATA', 14),
(320, 'LA MERCED', 8),
(321, 'LA MESA', 17),
(322, 'LA MINA', 21),
(323, 'LA MONTA?ITA', 9),
(324, 'LA PAILA', 32),
(325, 'LA PALMERA', 23),
(326, 'LA PAZ', 12),
(327, 'LA PAZ', 29),
(328, 'LA PLATA', 20),
(329, 'LA SIERRA', 2),
(330, 'LA SIERRA', 11),
(331, 'LA SIERRA', 14),
(332, 'LA TEBAIDA', 27),
(333, 'LA UNION', 24),
(334, 'LA UNION (V)', 32),
(335, 'LA VEGA', 25),
(336, 'LA VICTORIA (V)', 32),
(337, 'LA VIRGINIA', 28),
(338, 'LABRANZAGRANDE', 7),
(339, 'LANDAZURI', 29),
(340, 'LAS VEGAS', 13),
(341, 'LEBRIJA', 29),
(342, 'LEGUIZAMO', 26),
(343, 'LEJANIAS', 23),
(344, 'LENGUAZAQUE', 17),
(345, 'LERIDA', 31),
(346, 'LETICIA', 1),
(347, 'LIBANO', 31),
(348, 'LORICA', 16),
(349, 'LOS CORDOBAS', 16),
(350, 'LOS LAURELES', 29),
(351, 'LOS PATIOS', 25),
(352, 'LOS SANTOS', 29),
(353, 'MACHETA', 17),
(354, 'MADRID', 17),
(355, 'MAGANGUE', 6),
(356, 'MAHATES', 6),
(357, 'MAICAO', 21),
(358, 'MALAGA', 29),
(359, 'MALAGANA', 6),
(360, 'MALAMBO', 5),
(361, 'MANAURE (C)', 14),
(362, 'MANI', 10),
(363, 'MANIZALES', 8),
(364, 'MANZANARES', 8),
(365, 'MAPIRIPAN', 23),
(366, 'MARIA LA BAJA B', 6),
(367, 'MARINILLA', 2),
(368, 'MARIPI', 7),
(369, 'MARIQUITA', 31),
(370, 'MARIQUITA', 31),
(371, 'MARQUETALIA', 8),
(372, 'MARSELLA', 28),
(373, 'MEDELLIN', 2),
(374, 'MEDINA', 17),
(375, 'MELGAR', 31),
(376, 'MESETAS', 23),
(377, 'MINA DRUMOND PRIBBENOW', 14),
(378, 'MIRAFLORES', 7),
(379, 'MIRAFLORES', 19),
(380, 'MISTRATO', 28),
(381, 'MOCOA', 26),
(382, 'MOGOTES', 29),
(383, 'MOLAGAVITA', 29),
(384, 'MOMIL', 16),
(385, 'MOMPOS', 6),
(386, 'MONGUA', 7),
(387, 'MONGUI', 7),
(388, 'MONIQUIRA', 7),
(389, 'MONTELIBANO', 16),
(390, 'MONTENEGRO', 27),
(391, 'MONTERIA', 16),
(392, 'MONTERREY', 10),
(393, 'MO?ITOS', 16),
(394, 'MORALES (B)', 6),
(395, 'MOSQUERA', 17),
(396, 'MOSQUERA', 24),
(397, 'MUTATA', 2),
(398, 'MUZO', 7),
(399, 'NARI?O', 2),
(400, 'NATAGAIMA', 31),
(401, 'NEIRA', 8),
(402, 'NEIVA', 20),
(403, 'NEMOCON', 17),
(404, 'NILO', 17),
(405, 'NOBSA', 7),
(406, 'NOCAIMA', 17),
(407, 'NORCASIA', 8),
(408, 'NUEVA COLONIA', 2),
(409, 'NUEVA GRANADA (M)', 22),
(410, 'NUEVO COLON', 7),
(411, 'NUNCHIA', 10),
(412, 'OBANDO', 32),
(413, 'OCAMONTE', 29),
(414, 'OCA?A', 25),
(415, 'OIBA', 29),
(416, 'OICATA', 7),
(417, 'OLAYA HERRERA', 24),
(418, 'OLIVAL', 29),
(419, 'ONZAGA', 29),
(420, 'OPORAPA', 20),
(421, 'ORITO', 26),
(422, 'OROCUE', 10),
(423, 'ORTEGA', 31),
(424, 'OTANCHE', 7),
(425, 'OVEJAS', 30),
(426, 'PACHAQUIARO', 23),
(427, 'PACHAVITA', 7),
(428, 'PACHO', 17),
(429, 'PACORA', 8),
(430, 'PAEZ', 7),
(431, 'PAICOL', 20),
(432, 'PAILITAS', 12),
(433, 'PAIPA', 7),
(434, 'PAJARITO', 7),
(435, 'PALERMO', 20),
(436, 'PALESTINA', 8),
(437, 'PALESTINA', 20),
(438, 'PALMIRA', 32),
(439, 'PALMITO', 30),
(440, 'PALOCABILDO', 31),
(441, 'PALOMINO', 21),
(442, 'PAMPLONA', 25),
(443, 'PANDI', 17),
(444, 'PARAGUACHON', 21),
(445, 'PARAMO', 29),
(446, 'PARATEBUENO', 17),
(447, 'PASACABALLOS', 6),
(448, 'PASO CUSIANA', 10),
(449, 'PASTO', 24),
(450, 'PAUNA', 7),
(451, 'PAZ DE ARIPORO', 10),
(452, 'PAZ DE RIO', 7),
(453, 'PEDRAZA', 22),
(454, 'PELAYA', 12),
(455, 'PENSILVANIA', 8),
(456, 'PEREIRA', 28),
(457, 'PESCA', 7),
(458, 'PIEDECUESTA', 29),
(459, 'PIEDRAS', 31),
(460, 'PIENDAMO', 11),
(461, 'PINCHOTE', 29),
(462, 'PITAL', 20),
(463, 'PITALITO', 20),
(464, 'PIVIJAY', 22),
(465, 'PLANADAS', 31),
(466, 'PLANETA RICA', 16),
(467, 'POPAYAN', 11),
(468, 'PRADERA', 32),
(469, 'PRADO', 31),
(470, 'PUEBLO BELLO', 12),
(471, 'PUEBLO NUEVO', 16),
(472, 'PUEBLO RICO', 28),
(473, 'PUEBLO TAPADO', 27),
(474, 'PUENTE DE PIEDRA', 17),
(475, 'PUENTE NACIONAL', 29),
(476, 'PUENTE QUETAME', 17),
(477, 'PUERTO ARAUJO', 29),
(478, 'PUERTO ASIS', 26),
(479, 'PUERTO BERRIO', 2),
(480, 'PUERTO BOYACA', 7),
(481, 'PUERTO CAICEDO', 26),
(482, 'PUERTO CARRE?O', 33),
(483, 'PUERTO COLOMBIA', 5),
(484, 'PUERTO CONCORDIA', 23),
(485, 'PUERTO ESCONDIDO', 16),
(486, 'PUERTO GAITAN', 23),
(487, 'PUERTO GUZMAN', 26),
(488, 'PUERTO INIRIDA', 18),
(489, 'PUERTO LLERAS', 23),
(490, 'PUERTO LOPEZ', 23),
(491, 'PUERTO PARRA', 29),
(492, 'PUERTO RICO', 9),
(493, 'PUERTO RICO', 23),
(494, 'PUERTO SALGAR', 17),
(495, 'PUERTO SANTANDER', 25),
(496, 'PUERTO TEJADA', 11),
(497, 'PUERTO TRIUNFO', 2),
(498, 'PUERTO WILCHES', 29),
(499, 'PURIFICACION', 31),
(500, 'PURISIMA', 16),
(501, 'QUEBRADANEGRA', 17),
(502, 'QUETAME', 17),
(503, 'QUIBDO', 15),
(504, 'QUIMBAYA', 27),
(505, 'QUINCHIA', 28),
(506, 'QUIPILE', 17),
(507, 'RAMIRIQUI', 7),
(508, 'RAQUIRA', 7),
(509, 'RESTREPO', 23),
(510, 'RESTREPO', 32),
(511, 'RETIRO', 2),
(512, 'RICAURTE (N)', 24),
(513, 'RIO DE ORO', 12),
(514, 'RIOBLANCO', 31),
(515, 'RIOHACHA', 21),
(516, 'RIONEGRO', 29),
(517, 'RIONEGRO (ANT)', 2),
(518, 'RIOSUCIO', 8),
(519, 'RIOSUCIO', 15),
(520, 'RIVERA', 20),
(521, 'ROLDANILLO', 32),
(522, 'ROSAS', 11),
(523, 'ROVIRA', 31),
(524, 'ROZO', 32),
(525, 'SABANA DE TORRES', 29),
(526, 'SABANAGRANDE', 5),
(527, 'SABANALARGA', 5),
(528, 'SABANETA', 2),
(529, 'SABOYA', 7),
(530, 'SACHICA', 7),
(531, 'SAHAGUN', 16),
(532, 'SALADOBLANCO', 20),
(533, 'SALAMINA', 8),
(534, 'SALAMINA', 22),
(535, 'SALDA?A', 31),
(536, 'SAMACA', 7),
(537, 'SAMANIEGO', 24),
(538, 'SAMPUES', 30),
(539, 'SAN AGUSTIN', 20),
(540, 'SAN ALBERTO', 12),
(541, 'SAN ANDRES', 29),
(542, 'SAN ANDRES', 4),
(543, 'SAN ANDRES DE SOTAVENTO', 16),
(544, 'SAN ANTERO', 16),
(545, 'SAN ANTONIO', 31),
(546, 'SAN ANTONIO DE PRADO', 2),
(547, 'SAN BERNARDO', 17),
(548, 'SAN BERNARDO', 24),
(549, 'SAN BERNARDO DEL VIENTO', 16),
(550, 'SAN CARLOS', 2),
(551, 'SAN CARLOS', 16),
(552, 'SAN CARLOS DE GUAROA', 23),
(553, 'SAN CRISTOBAL', 2),
(554, 'SAN DIEGO', 12),
(555, 'SAN GIL', 29),
(556, 'SAN JACINTO', 6),
(557, 'SAN JOAQUIN (C)', 17),
(558, 'SAN JOSE DE ISNOS', 20),
(559, 'SAN JOSE DE PARE', 7),
(560, 'SAN JOSE DEL FRAGUA', 9),
(561, 'SAN JOSE DEL GUAVIARE', 19),
(562, 'SAN JUAN DE ARAMA', 23),
(563, 'SAN JUAN DE RIO SECO', 17),
(564, 'SAN JUAN DE URABA', 2),
(565, 'SAN JUAN DEL CESAR', 21),
(566, 'SAN JUAN NEPOMUCENO', 6),
(567, 'SAN LORENZO', 24),
(568, 'SAN LUIS', 31),
(569, 'SAN LUIS DE GACENO', 7),
(570, 'SAN MARCOS', 30),
(571, 'SAN MARTIN', 23),
(572, 'SAN MARTIN (C)', 12),
(573, 'SAN MARTIN DE LOBA', 6),
(574, 'SAN MATEO', 7),
(575, 'SAN ONOFRE', 30),
(576, 'SAN PABLO', 24),
(577, 'SAN PEDRO', 30),
(578, 'SAN PEDRO DE LOS MILAGROS', 2),
(579, 'SAN PEDRO(V)', 32),
(580, 'SAN PELAYO', 16),
(581, 'SAN PELAYO', 16),
(582, 'SAN RAFAEL', 29),
(583, 'SAN RAFAEL', 2),
(584, 'SAN ROQUE', 2),
(585, 'SAN SEBASTIAN DE BUENAVISTA', 22),
(586, 'SAN VICENTE DE CHUCURI', 29),
(587, 'SAN VICENTE DEL CAGUAN', 9),
(588, 'SANTA ANA (M)', 22),
(589, 'SANTA BARBARA', 2),
(590, 'SANTA ELENA', 32),
(591, 'SANTA MARIA', 7),
(592, 'SANTA MARIA', 20),
(593, 'SANTA MARTA', 22),
(594, 'SANTA ROSA DE CABAL', 28),
(595, 'SANTA ROSA DE OSOS', 2),
(596, 'SANTA ROSA DE VITERBO', 7),
(597, 'SANTA ROSA DEL SUR', 6),
(598, 'SANTA SOFIA', 7),
(599, 'SANTAFE DE ANTIOQUIA', 2),
(600, 'SANTANA', 7),
(601, 'SANTANA', 26),
(602, 'SANTANDER DE QUILICHAO', 11),
(603, 'SANTANDERCITO', 17),
(604, 'SANTIAGO', 25),
(605, 'SANTO TOMAS', 5),
(606, 'SANTUARIO', 28),
(607, 'SARAVENA', 3),
(608, 'SARDINATA', 25),
(609, 'SASAIMA', 17),
(610, 'SEGOVIA', 2),
(611, 'SESQUILE', 17),
(612, 'SEVILLA', 32),
(613, 'SIACHOQUE', 7),
(614, 'SIBATE', 17),
(615, 'SIBUNDOY', 26),
(616, 'SILVANIA', 17),
(617, 'SILVIA', 11),
(618, 'SIMACOTA', 29),
(619, 'SIMIJACA', 17),
(620, 'SINCE', 30),
(621, 'SINCELEJO', 30),
(622, 'SITIO NUEVO', 22),
(623, 'SOACHA', 17),
(624, 'SOATA', 7),
(625, 'SOCHA', 7),
(626, 'SOCORRO', 29),
(627, 'SOCOTA', 7),
(628, 'SOGAMOSO', 7),
(629, 'SOLEDAD', 5),
(630, 'SOLITA', 9),
(631, 'SOMONDOCO', 7),
(632, 'SOPO', 17),
(633, 'SORACA', 7),
(634, 'SOTAQUIRA', 7),
(635, 'SUAITA', 29),
(636, 'SUAREZ', 31),
(637, 'SUAZA', 20),
(638, 'SUBACHOQUE', 17),
(639, 'SUBIA', 17),
(640, 'SUCRE (S)', 30),
(641, 'SUESCA', 17),
(642, 'SUPIA', 8),
(643, 'SURATA', 29),
(644, 'SURATA', 29),
(645, 'SUTAMARCHAN', 7),
(646, 'SUTATAUSA', 17),
(647, 'TABIO', 17),
(648, 'TAGANGA', 22),
(649, 'TAMARA', 10),
(650, 'TAME', 3),
(651, 'TAMESIS', 2),
(652, 'TARAZA', 2),
(653, 'TARQUI', 20),
(654, 'TAURAMENA', 10),
(655, 'TELLO', 20),
(656, 'TENJO', 17),
(657, 'TENZA', 7),
(658, 'TEORAMA', 25),
(659, 'TERUEL', 20),
(660, 'TESALIA', 20),
(661, 'TIBANA', 7),
(662, 'TIBASOSA', 7),
(663, 'TIBU', 25),
(664, 'TIENDA NUEVA', 29),
(665, 'TIERRALTA', 16),
(666, 'TIMANA', 20),
(667, 'TIMBIO', 11),
(668, 'TINJACA', 7),
(669, 'TIPACOQUE', 7),
(670, 'TOCA', 7),
(671, 'TOCAIMA', 17),
(672, 'TOCANCIPA', 17),
(673, 'TOLEDO', 25),
(674, 'TOLEDO', 2),
(675, 'TOLU', 30),
(676, 'TOPAGA', 7),
(677, 'TORIBIO', 11),
(678, 'TORO', 32),
(679, 'TRINIDAD', 10),
(680, 'TRUJILLO', 32),
(681, 'TUBARA', 5),
(682, 'TUCHIN', 16),
(683, 'TULUA', 32),
(684, 'TUMACO', 24),
(685, 'TUNJA', 7),
(686, 'TUQUERRES', 24),
(687, 'TURBACO B', 6),
(688, 'TURBO', 2),
(689, 'TURMEQUE', 7),
(690, 'TUTA', 7),
(691, 'UBALA', 17),
(692, 'UBATE', 17),
(693, 'UMBITA', 7),
(694, 'URIBIA', 21),
(695, 'URUMITA', 21),
(696, 'USIACURI', 5),
(697, 'UTICA', 17),
(698, 'VALENCIA', 16),
(699, 'VALLE DE SAN JOSE', 29),
(700, 'VALLE DE SAN JUAN', 31),
(701, 'VALLEDUPAR', 12),
(702, 'VELEZ', 29),
(703, 'VENADILLO', 31),
(704, 'VENECIA (C)', 17),
(705, 'VENTAQUEMADA', 7),
(706, 'VERSALLES', 32),
(707, 'VIANI', 17),
(708, 'VICTORIA', 8),
(709, 'VIJES', 32),
(710, 'VILLA DE LEYVA', 7),
(711, 'VILLA DEL ROSARIO', 25),
(712, 'VILLA GORGONA', 32),
(713, 'VILLA RICA', 11),
(714, 'VILLAGARZON', 26),
(715, 'VILLAMARIA', 8),
(716, 'VILLANUEVA', 21),
(717, 'VILLANUEVA', 29),
(718, 'VILLANUEVA (C)', 10),
(719, 'VILLAPINZON', 17),
(720, 'VILLARRICA (T)', 31),
(721, 'VILLAVICENCIO', 23),
(722, 'VILLAVIEJA', 20),
(723, 'VILLETA', 17),
(724, 'VIOTA', 17),
(725, 'VISTAHERMOSA', 23),
(726, 'VITERBO', 8),
(727, 'YACOPI', 17),
(728, 'YAGUARA', 20),
(729, 'YARUMAL', 2),
(730, 'YOPAL', 10),
(731, 'YOTOCO', 32),
(732, 'YUMBO', 32),
(733, 'ZAPATOCA', 29),
(734, 'ZARAGOZA', 2),
(735, 'ZARZAL', 32),
(736, 'ZETAQUIRA', 7),
(737, 'ZIPAQUIRA', 17);

-- --------------------------------------------------------

--
-- Estructura de tabla para la tabla `department`
--

CREATE TABLE `department` (
  `iddepartment` int(11) NOT NULL,
  `name_department` varchar(50) NOT NULL
) ENGINE=InnoDB DEFAULT CHARSET=latin1;

--
-- Volcado de datos para la tabla `department`
--

INSERT INTO `department` (`iddepartment`, `name_department`) VALUES
(1, 'AMAZONAS'),
(2, 'ANTIOQUIA'),
(3, 'ARAUCA'),
(4, 'ARCHIPIELAGO DE SAN ANDRES'),
(5, 'ATLANTICO'),
(6, 'BOLIVAR'),
(7, 'BOYACA'),
(8, 'CALDAS'),
(9, 'CAQUETA'),
(10, 'CASANARE'),
(11, 'CAUCA'),
(12, 'CESAR'),
(13, 'CESAR(CAS)'),
(14, 'CESAR(CORRGTO)'),
(15, 'CHOCO'),
(16, 'CORDOBA'),
(17, 'CUNDINAMARCA'),
(18, 'GUAINIA'),
(19, 'GUAVIARE'),
(20, 'HUILA'),
(21, 'LA GUAJIRA'),
(22, 'MAGDALENA'),
(23, 'META'),
(24, 'NARIÑO'),
(25, 'NORTE DE SANTANDER'),
(26, 'PUTUMAYO'),
(27, 'QUINDIO'),
(28, 'RISARALDA'),
(29, 'SANTANDER'),
(30, 'SUCRE'),
(31, 'TOLIMA'),
(32, 'VALLE'),
(33, 'VICHADA');

-- --------------------------------------------------------

--
-- Estructura de tabla para la tabla `order`
--

CREATE TABLE `order` (
  `reference_order` varchar(45) NOT NULL,
  `date_order` varchar(45) NOT NULL,
  `product_price_order` double NOT NULL,
  `freight_price_order` double NOT NULL,
  `total_price_order` double NOT NULL,
  `state_order` varchar(45) NOT NULL,
  `shippinginfo_idshipinfo` varchar(45) NOT NULL,
  `consecutive_order` int(11) NOT NULL
) ENGINE=InnoDB DEFAULT CHARSET=utf8mb4;

-- --------------------------------------------------------

--
-- Estructura de tabla para la tabla `orderdetails`
--

CREATE TABLE `orderdetails` (
  `id` int(11) NOT NULL,
  `order_reference_order` varchar(45) NOT NULL,
  `product_reference` int(11) NOT NULL,
  `product_category_idcategory` int(11) NOT NULL,
  `size_idsize` varchar(45) NOT NULL,
  `quantity_orderdetails` int(11) NOT NULL,
  `unit_price_orderdetails` double NOT NULL,
  `observation_orderdetails` varchar(45) NOT NULL,
  `horma_orderdetails` varchar(45) NOT NULL
) ENGINE=InnoDB DEFAULT CHARSET=utf8mb4;

-- --------------------------------------------------------

--
-- Estructura de tabla para la tabla `product`
--

CREATE TABLE `product` (
  `reference` int(11) NOT NULL,
  `category_idcategory` int(11) NOT NULL,
  `name_product` varchar(45) NOT NULL,
  `active_product` varchar(45) NOT NULL,
  `image_product` varchar(100) NOT NULL
) ENGINE=InnoDB DEFAULT CHARSET=utf8;

--
-- Volcado de datos para la tabla `product`
--

INSERT INTO `product` (`reference`, `category_idcategory`, `name_product`, `active_product`, `image_product`) VALUES
(1, 1, 'Girasoles', 'si', 'Girasoles-1.jpg'),
(1, 3, 'Girasoles', 'si', 'Girasoles-3.jpg'),
(1, 4, 'Girasoles', 'no', 'Girasoles-4.jpg'),
(1, 5, 'PeRa medias', 'si', 'PeRa medias-5.jpeg'),
(1, 6, 'PeRa Rizos', 'si', 'PeRa Rizos-6.jpg'),
(1, 9, 'Negro', 'no', 'PeRa Leggings Negro-9.jpg'),
(1, 10, 'Jeans Negro', 'si', 'Jeans Negro-10.jpg'),
(1, 12, 'Diva', 'no', 'Diva-12.jpg'),
(1, 14, 'Peritas', 'si', 'Peritas-14.jpg'),
(1, 15, 'Panda Amor', 'si', 'Panda Amor-15.jpg'),
(2, 1, 'Unicornio', 'si', 'Unicornio-1.jpg'),
(2, 10, 'Jeans Azul Claro', 'no', 'Jeans Azul Claro-10.jpg'),
(2, 12, 'Bruto pero decididos mujer', 'si', 'Bruto pero decididos mujer-12.jpg'),
(2, 14, 'Perro amor', 'si', 'Perro amor-14.jpg'),
(2, 15, 'Unicornio', 'si', 'Unicornio-15.jpg'),
(2, 120, 'Bruto pero decididos', 'si', 'Bruto pero decididos-12.jpg'),
(3, 1, 'Corazones', 'si', 'Corazones-1.jpg'),
(3, 2, 'Corazones', 'si', 'Corazones-2.jpg'),
(3, 3, 'Corazones', 'no', 'Corazones-3.jpg'),
(3, 4, 'Corazones', 'no', 'Corazones-4.jpg'),
(3, 10, 'Jeans Azul Oscuro', 'si', 'Jeans Azul Oscuro-10.jpg'),
(3, 12, 'Inspiración', 'si', 'Inspiración-120.jpg'),
(3, 14, 'Camuflado', 'si', 'Camuflado-14.jpeg'),
(3, 15, 'Ojito', 'si', 'Ojito-15.jpg'),
(4, 10, 'Jeans Negro Hombre', 'si', 'Jeans Negro Hombre-10.jpg'),
(4, 12, 'Inspiración color negro', 'si', 'Inspiración color negro-12.jpg'),
(4, 13, 'Inspiración', 'si', 'Inspiración-12.jpg'),
(4, 14, 'Panda', 'si', 'Panda-14.jpg'),
(4, 15, 'Estrellitas Grises', 'si', 'Estrellitas Grises-15.jpg'),
(5, 1, 'Orquídea', 'si', 'Orquídea-1.jpg'),
(5, 2, 'Orquídea', 'si', 'Orquídea-2.jpg'),
(5, 3, 'Orquídeas', 'no', 'Orquídeas-3.jpg'),
(5, 10, 'Jeans Azul Oscuro Hombre', 'si', 'Jeans Azul Oscuro Hombre-10.jpg'),
(5, 14, 'No covid', 'si', 'No covid-14.jpg'),
(5, 15, 'Ojo Rosa', 'si', 'Ojo Rosa-15.jpg'),
(5, 120, 'Telescopio', 'si', 'Telescopio-120.jpg'),
(6, 1, 'Cubos', 'no', 'Cubos-1.jpg'),
(6, 10, 'Jeans Azul con bolsillo', 'si', 'Jeans Azul con bolsillo-10.jpg'),
(6, 12, 'Cielo', 'si', 'Cielo-12.jpg'),
(6, 14, 'Corazones', 'si', 'Corazones-14.jpg'),
(6, 15, 'Universo', 'si', 'Universo-15.jpg'),
(7, 1, 'Multicolor', 'si', 'Multicolor-1.jpg'),
(7, 2, 'Multicolor', 'si', 'Multicolor-2.jpg'),
(7, 3, 'multicolor', 'no', 'multicolor-3.jpg'),
(7, 10, 'Jeans Azul Cenizo Mujer', 'si', 'Jeans Azul Cenizo Mujer-10.jpg'),
(7, 14, 'Negro', 'si', 'Negro-14.jpg'),
(7, 15, 'Princesita', 'si', 'Princesita-15.jpg'),
(7, 120, 'Viajero', 'si', 'Viajero-12.jpg'),
(8, 1, 'Carnaval', 'si', 'Carnaval-1.jpg'),
(8, 10, 'Negro con Bolsillo Dama', 'si', 'Negro con Bolsillo Dama-10.jpg'),
(8, 12, 'Gato amor', 'si', 'Gato amor-12.jpg'),
(8, 14, 'Ojitos', 'si', 'Ojitos-14.jpg'),
(8, 15, 'Corazon Print', 'si', 'Corazon Print-15.jpg'),
(9, 1, 'Prosperidad', 'si', 'Prosperidad-1.jpg'),
(9, 12, 'Gato amor color negro', 'si', 'Gato amor color negro-12.jpg'),
(9, 14, 'Gato amor', 'si', 'Gato amor-14.jpg'),
(9, 15, 'Sirenita', 'si', 'Sirenita-15.jpg'),
(10, 1, 'Naturaleza', 'si', 'Naturaleza-1.jpg'),
(10, 2, 'Naturaleza', 'si', 'Naturaleza-2.jpg'),
(10, 3, 'Naturaleza', 'no', 'Naturaleza-3.jpg'),
(10, 14, 'Donas', 'si', 'Donas-14.jpg'),
(10, 15, 'Mariquitas', 'si', 'Mariquitas-15.jpg'),
(11, 1, 'Esqueleto', 'no', 'Esqueleto-1.jpg'),
(11, 14, 'Inspiración ', 'si', 'Inspiración -14.jpg'),
(11, 15, 'Estrellitas Moradas', 'si', 'Estrellitas Moradas-15.jpg'),
(11, 120, 'Player 2', 'si', 'Player 2-12.jpg'),
(12, 1, 'Vida', 'no', 'Vida-1.jpg'),
(12, 2, 'Vida', 'no', 'Vida-2.jpg'),
(12, 3, 'Vida', 'no', 'Vida-3.jpg'),
(12, 12, 'Florece color negro', 'si', 'Florece color negro-12.jpg'),
(12, 14, 'Salud', 'si', 'Salud-14.jpg'),
(12, 15, 'Sé Feliz', 'si', 'Sé Feliz-15.jpg'),
(13, 1, 'Calaveras', 'no', 'Calaveras-1.jpg'),
(13, 12, 'Florece color blanco', 'si', 'Florece color blanco-12.jpg'),
(13, 14, 'Policia', 'si', 'Policia-14.jpg'),
(13, 15, 'PIJ 13', 'si', 'PIJ 13-15.jpg'),
(14, 12, 'Piña mujer', 'si', 'Piña mujer-12.jpg'),
(14, 14, 'Vigilante', 'si', 'Vigilante-14.jpg'),
(14, 15, 'PIJ 14', 'si', 'PIJ 14-15.jpg'),
(14, 120, 'Piña', 'si', 'Piña-12.jpg'),
(15, 14, 'Medico fondo blanco', 'si', 'Medico fondo blanco-14.jpg'),
(15, 15, 'PIJ 15', 'si', 'PIJ 15-15.jpg'),
(15, 120, 'Biker', 'si', 'Biker-12.jpg'),
(16, 12, 'Sueños', 'si', 'Sueños-12.jpg'),
(16, 14, 'Enfermera fondo blanco', 'si', 'Enfermera fondo blanco-14.jpg'),
(18, 1, 'Coco', 'si', 'Coco-1.jpg'),
(18, 2, 'Coco', 'si', 'Coco-2.jpg'),
(18, 3, 'Coco', 'si', 'Coco-3.jpg'),
(18, 4, 'Coco', 'si', 'Coco-4.jpg'),
(18, 7, 'Coco', 'si', 'Coco-7.jpg'),
(18, 11, 'Coco', 'si', 'Coco-11.jpg'),
(18, 12, 'Energía', 'si', 'Energía-12.jpg'),
(19, 1, 'Locura', 'no', 'Locura-1.jpg'),
(19, 12, 'Energía color negro', 'si', 'Energía color negro-12.jpg'),
(19, 14, 'Bombero', 'si', 'Bombero-14.jpg'),
(20, 1, 'Militar', 'no', 'Militar-1.jpg'),
(20, 3, 'Militar', 'no', 'Militar-3.jpg'),
(20, 7, 'Militar', 'si', 'Militar-7.jpg'),
(20, 14, 'Agricultor', 'si', 'Agricultor-14.jpg'),
(21, 1, 'Sé feliz', 'si', 'Sé feliz-1.jpg'),
(21, 3, 'Sé Feliz', 'si', 'Sé Feliz-3.jpg'),
(21, 4, 'Sé feliz', 'si', 'Sé feliz-4.jpg'),
(21, 7, 'Sé Feliz', 'si', 'Sé Feliz-7.jpg'),
(21, 14, 'Profesora', 'si', 'Profesora-14.jpg'),
(22, 1, 'Café', 'si', 'Café-1.jpg'),
(22, 12, 'Perro amor color negro', 'si', 'Perro amor color negro-12.jpg'),
(22, 14, 'Muelitas', 'si', 'Muelitas-14.jpg'),
(23, 1, 'Negro Gris', 'si', 'Negro Gris-1.jpg'),
(23, 12, 'Perro amor', 'si', 'Perro amor-12.jpg'),
(23, 14, 'Veterinario', 'si', 'Veterinario-14.jpg'),
(24, 1, 'Azul con rojo', 'si', 'Azul con rojo-1.jpg'),
(24, 12, 'Ojo de Dios ', 'no', 'Ojo de Dios -12.jpg'),
(24, 14, 'Cruz Roja', 'si', 'Cruz Roja-14.jpg'),
(25, 1, 'Carrusel', 'no', 'Carrusel-1.jpg'),
(25, 3, 'Carrusel', 'si', 'Carrusel-3.jpg'),
(25, 12, 'Ojo de Dios color negro', 'no', 'Ojo de Dios color negro-12.jpg'),
(25, 14, 'Defensa Civil', 'si', 'Defensa Civil-14.jpg'),
(26, 1, 'Virgen', 'si', 'Virgen-1.jpg'),
(26, 2, 'Virgen', 'si', 'Virgen-2.jpg'),
(26, 3, 'Virgen', 'si', 'Virgen-3.jpg'),
(26, 14, 'Chef', 'si', 'Chef-14.jpg'),
(26, 120, 'Biker dorada', 'si', 'Biker dorada-12.jpg'),
(27, 1, 'París', 'si', 'París-1.jpg'),
(27, 2, 'París', 'si', 'París-2.jpg'),
(27, 12, 'Guerrera', 'si', 'Guerrera-12.jpg'),
(27, 14, 'Domicilio', 'si', 'Domicilio-14.jpg'),
(28, 3, 'Esperanza', 'no', 'Esperanza-3.jpg'),
(28, 12, 'Crear color negro', 'no', 'Crear color negro-12.jpg'),
(28, 14, 'Reciclador', 'si', 'Reciclador-14.jpg'),
(29, 1, 'Sencillez', 'si', 'Sencillez-1.jpg'),
(29, 12, 'Petronia', 'no', 'Petronia-12.jpg'),
(29, 14, 'Militar', 'si', 'Militar-14.jpg'),
(30, 12, 'Petronea color negro', 'no', 'Petronea color negro-12.jpg'),
(30, 14, 'Animal Print', 'si', 'Animal Print-14.jpg'),
(31, 1, 'Arcoiris', 'no', 'Arcoiris-1.jpg'),
(31, 3, 'Arcoiris', 'no', 'Arcoiris-3.jpg'),
(31, 7, 'Arcoiris', 'no', 'Arcoiris-7.jpg'),
(31, 12, 'Mágica', 'no', 'Mágica-12.jpg'),
(31, 14, 'Rediactivo', 'si', 'Rediactivo-14.jpg'),
(32, 1, 'Rosas', 'no', 'Rosas-1.jpg'),
(32, 2, 'Rosas', 'no', 'Rosas-2.jpg'),
(32, 12, 'Girasol color negro', 'si', 'Viajera color negro-12.jpg'),
(32, 14, 'Florecer', 'si', 'Florecer-14.jpg'),
(33, 12, 'Girasol', 'si', 'Viajera-12.jpg'),
(33, 14, 'Constructor', 'si', 'Constructor-14.jpg'),
(34, 1, 'Plumas', 'no', 'Plumas-1.jpg'),
(34, 12, 'Ámate color negro', 'no', 'Amate color negro-12.jpg'),
(34, 14, 'Azul Oscuro', 'si', 'Azul Oscuro-14.jpg'),
(35, 3, 'Pepas', 'si', 'Pepas-3.jpg'),
(35, 4, 'Pepas', 'no', 'Pepas-4.jpg'),
(35, 12, 'Paz Interior', 'no', 'Paz Interior-12.jpg'),
(35, 14, 'Blanco', 'si', 'Blanco-14.jpg'),
(36, 4, 'Seguridad', 'no', 'Seguridad-4.jpg'),
(36, 7, 'Seguridad', 'no', 'Seguridad-7.jpg'),
(36, 12, 'Paz Interior color negro', 'no', 'Paz Interior color negro-12.jpg'),
(36, 14, 'Verde', 'si', 'Verde-14.jpg'),
(37, 1, 'Flores moradas', 'si', 'Flores moradas-1.jpg'),
(37, 12, 'Siempre soñadora', 'si', 'Siempre soñadora-12.jpg'),
(37, 14, 'Diamantes', 'si', 'Diamantes-14.jpg'),
(38, 12, 'Fe color negro', 'si', 'Fe color negro-12.jpg'),
(38, 14, 'Estrellas', 'si', 'Estrellas-14.jpg'),
(39, 1, 'Precolombino', 'si', 'Precolombino-1.jpg'),
(39, 2, 'Precolombino', 'si', 'Precolombino-2.jpg'),
(39, 3, 'Precolombino', 'no', 'Precolombino-3.jpg'),
(39, 12, 'Fe', 'si', 'Fe-12.jpg'),
(39, 14, 'Aviones', 'si', 'Aviones-14.jpg'),
(40, 12, 'Brilla', 'si', 'Brilla-12.png'),
(40, 14, 'Ternura', 'si', 'Ternura-14.jpg'),
(41, 1, 'Anclas', 'si', 'Anclas-1.jpg'),
(41, 12, 'las Vegas', 'no', 'Blas Vegas-12.jpg'),
(41, 14, 'Círculos', 'si', 'Círculos-14.jpg'),
(42, 12, 'Las Vegas color negro', 'no', 'Las Vegas color negro-12.jpg'),
(42, 14, 'Rosas', 'si', 'Rosas-14.jpg'),
(43, 1, 'Arabesco', 'si', 'Arabesco-1.jpg'),
(43, 2, 'Arabesco', 'si', 'Arabesco-2.jpg'),
(43, 12, 'Sé feliz color negro', 'si', 'Sé feliz color negro-12.jpg'),
(43, 14, 'Arte', 'si', 'Arte-14.jpg'),
(44, 1, 'Lagartijas', 'no', 'Lagartijas-1.jpg'),
(44, 14, 'Fe', 'si', 'Fe-14.jpg'),
(44, 120, 'Amazonas', 'si', 'Amazonas-120.jpg'),
(45, 12, 'Fuerza', 'no', 'Fuerza-12.jpg'),
(45, 14, 'Mariposas amarillas', 'si', 'Mariposas amarillas-14.jpg'),
(46, 12, 'Armonía', 'si', 'Armonia-12.jpg'),
(46, 14, 'Unicornio', 'si', 'Unicornio-14.jpg'),
(47, 1, 'Negro', 'si', 'Negro-1.jpg'),
(47, 2, 'Negro', 'si', 'Negro-2.jpg'),
(47, 3, 'Negro', 'si', 'Negro-3.jpg'),
(47, 4, 'Negro', 'si', 'Negro-4.jpg'),
(47, 9, 'Leggings Negro', 'si', 'Leggings Negro-9.jpg'),
(47, 12, 'Leona Negro', 'si', 'Leona Negro-12.jpg'),
(47, 14, 'Fatima', 'si', 'Fatima-14.jpg'),
(48, 12, 'Leona Blanco', 'si', 'Leona Blanco-12.jpg'),
(48, 14, 'Amazonas', 'si', 'Amazonas-14.jpg'),
(49, 1, 'Camel', 'no', 'Camel-1.jpg'),
(49, 12, 'Panditas Negro', 'si', 'Panditas Negro-12.jpg'),
(49, 14, 'Sirenita', 'si', 'Sirenita-14.jpg'),
(50, 1, 'indios', 'si', 'indios-1.jpg'),
(50, 12, 'Panditas Blanco', 'si', 'Panditas Blanco-12.jpg'),
(50, 14, 'Elefante', 'si', 'Elefante-14.jpg'),
(51, 1, 'Verde', 'si', 'Verde-1.jpg'),
(51, 12, 'Elefante Negro', 'si', 'Elefante Negro-12.jpg'),
(51, 14, 'Bici', 'si', 'Bici-14.jpg'),
(52, 12, 'Elefante Blanco', 'si', 'Elefante Blanco-12.jpg'),
(52, 14, 'Ciclista', 'si', 'Ciclista-14.jpg'),
(53, 1, 'Cuadros', 'no', 'Cuadros-1.jpg'),
(53, 12, 'Majestuosidad', 'si', 'Mariposa rosa-12.jpg'),
(53, 14, 'Soy magia', 'si', 'Soy magia-14.jpg'),
(54, 1, 'Fucsia', 'no', 'Fucsia-1.jpg'),
(54, 12, 'Amanecer', 'si', 'Amanecer-12.jpg'),
(54, 14, 'Taxista', 'si', 'Taxista-14.jpg'),
(55, 1, 'Beige', 'si', 'Beige-1.jpg'),
(55, 12, 'Amanecer Negra', 'si', 'Amanecer Negra-12.jpg'),
(55, 14, 'Moto', 'si', 'Moto-14.jpg'),
(56, 1, 'Rojo', 'si', 'Rojo-1.jpg'),
(56, 2, 'Rojo', 'si', 'Rojo-2.jpg'),
(56, 3, 'Coral', 'si', 'Coral-3.jpg'),
(56, 4, 'Coral', 'no', 'Coral-4.jpg'),
(56, 14, 'Gris', 'si', 'Gris-14.jpg'),
(57, 1, 'Blanco', 'si', 'Blanco-1.jpg'),
(57, 3, 'Blanco', 'si', 'Blanco-3.jpg'),
(57, 4, 'Blanco', 'si', 'Blanco-4.jpg'),
(57, 14, 'Dragon', 'si', 'Dragon-14.jpg'),
(58, 12, 'Leopardo', 'si', 'Leopardo-12.jpg'),
(58, 14, 'Cebra', 'si', 'Cebra-14.jpg'),
(59, 12, 'Majestuosidad Negro', 'si', 'Majestuosidad Negro-12.jpg'),
(59, 14, 'Poder', 'si', 'Poder-14.jpg'),
(60, 1, 'Peri', 'si', 'Peri-1.jpg'),
(60, 2, 'Peri', 'si', 'Peri-2.jpg'),
(60, 3, 'Peri', 'si', 'Peri-3.jpg'),
(60, 12, 'Negra', 'si', 'Negra-12.jpg'),
(60, 14, 'Tokio', 'si', 'Tokio-14.jpg'),
(61, 1, 'Caballo', 'no', 'Caballo-1.jpg'),
(61, 14, 'Profesor', 'si', 'Profesor-14.jpg'),
(62, 1, 'Mariposas', 'si', 'Mariposas-1.jpg'),
(62, 2, 'Mariposas', 'si', 'Mariposas-2.jpg'),
(62, 3, 'Mariposas', 'si', 'Mariposas-3.jpg'),
(62, 4, 'Mariposas', 'si', 'Mariposas-4.jpg'),
(62, 11, 'Mariposas', 'si', 'Mariposas-11.jpg'),
(62, 14, 'Se Feliz', 'si', 'SeFeliz-14.jpg'),
(63, 1, 'Jesus', 'no', 'Jesus-1.jpg'),
(63, 14, 'Calaveras', 'si', 'Calaveras-14.jpg'),
(64, 1, 'Circo', 'si', 'Circo-1.jpg'),
(64, 2, 'Circo', 'si', 'Circo-2.jpg'),
(64, 12, 'cam-64', 'si', 'cam-64-12.jpg'),
(64, 14, 'Eternidad', 'si', 'Eternidad-14.jpg'),
(65, 1, 'Colombia', 'si', 'Colombia-1.jpg'),
(65, 12, 'cam 65', 'si', 'cam 65-12.jpg'),
(65, 14, 'Princesita', 'si', 'Princesita-14.jpg'),
(66, 1, 'Frida', 'si', 'Frida-1.jpg'),
(66, 2, 'Frida', 'si', 'Frida-2.jpg'),
(66, 14, 'Principito', 'si', 'Principito-14.jpg'),
(67, 1, 'Cafe camel', 'no', 'Cafe camel-1.jpg'),
(67, 14, 'Gol', 'si', 'Gol-14.jpg'),
(67, 120, 'Toda Negra', 'si', 'Toda Negra-120.jpg'),
(68, 1, 'Fresa', 'no', 'Fresa-1.jpg'),
(68, 14, 'Dinosaurious', 'si', 'Dinosaurious-14.jpg'),
(69, 1, 'Chicle', 'no', 'Chicle-1.jpg'),
(69, 14, 'Moticos', 'si', 'Moticos-14.jpg'),
(70, 1, 'Amarillo', 'no', 'Amarillo-1.jpg'),
(70, 12, 'Mariposas Negras', 'si', 'Mariposas Negras-12.jpg'),
(70, 14, 'Armonía', 'si', 'Armonía-14.jpg'),
(71, 1, 'Bicis', 'si', 'Bicis-1.jpg'),
(71, 2, 'Bicis', 'si', 'Bicis-2.jpg'),
(71, 14, 'Queen', 'si', 'Queen-14.jpg'),
(72, 1, 'Animal print', 'no', 'Animal print-1.jpg'),
(72, 2, 'Animal Print', 'no', 'Animal Print-2.jpg'),
(72, 14, 'King', 'si', 'King-14.jpg'),
(73, 1, 'Atrapasueños', 'si', 'Atrapasueños-1.jpg'),
(73, 2, 'Atrapasueños', 'si', 'Atrapasueños-2.jpg'),
(73, 12, 'Bonita', 'si', 'Bonita-12.jpg'),
(73, 14, 'Player 2', 'si', 'Player 2-14.jpg'),
(74, 1, 'Granos de café', 'no', 'Granos de café-1.jpg'),
(74, 14, 'Player 1', 'si', 'Player 1-14.jpg'),
(74, 120, 'Reflectiva', 'si', 'Reflectiva-120.jpg'),
(75, 14, 'Telescopio', 'si', 'Telescopio-14.jpg'),
(76, 1, 'Cats', 'si', 'Cats-1.jpg'),
(76, 2, 'Cats', 'si', 'Cats-2.jpg'),
(76, 14, 'Cielo', 'si', 'Cielo-14.jpg'),
(76, 120, 'Calavera', 'si', 'Calavera-120.jpg'),
(77, 1, 'Naranja', 'no', 'Naranja-1.jpg'),
(77, 12, 'Guadalupe', 'si', 'Guadalupe-12.jpg'),
(77, 14, 'Llave', 'si', 'Llave-14.jpg'),
(78, 1, 'Marihuana', 'no', 'Marihuana-1.jpg'),
(78, 14, 'Candado', 'si', 'Candado-14.jpg'),
(79, 1, 'Fiesta', 'no', 'Fiesta-1.jpg'),
(79, 14, 'Tolerancia', 'si', 'Tolerancia-14.jpg'),
(80, 1, 'Mándalas', 'si', 'Mándalas-1.jpg'),
(80, 2, 'Mandalas', 'si', 'Mandalas-2.jpg'),
(80, 14, 'Empatia', 'si', 'Empatia-14.jpg'),
(81, 1, 'Limón', 'no', 'Limón-1.jpg'),
(81, 14, 'Te amo', 'si', 'Te amo-14.jpg'),
(82, 14, 'Te amo mas', 'si', 'Te amo mas-14.jpg'),
(83, 1, 'Rayas coral', 'no', 'Rayas coral-1.jpg'),
(83, 2, 'Rayas Coral', 'no', 'Rayas Coral-2.jpg'),
(83, 3, 'Rayas caral', 'no', 'Rayas caral-3.jpg'),
(83, 14, 'TAP-83', 'si', 'TAP-83-14.jpg'),
(84, 14, 'TAP-84', 'si', 'TAP-84-14.jpg'),
(85, 14, 'Sonrisa', 'no', 'Sonrisa-14.jpg'),
(86, 1, 'Sombrero vueltiao', 'si', 'Sombrero vueltiao-1.jpg'),
(86, 2, 'Sombrero vueltiao', 'si', 'Sombrero vueltiao-2.jpg'),
(86, 3, 'Sombrero vueltiao', 'no', 'Sombrero vueltiao-3.jpg'),
(86, 14, 'Monstruo', 'no', 'Monstruo-14.jpg'),
(87, 1, 'Pizza', 'si', 'Pizza-1.jpg'),
(87, 14, 'Fantasma', 'no', 'Fantasma-14.jpg'),
(88, 14, 'Dracula', 'no', 'Dracula-14.jpg'),
(89, 1, 'Vinotinto', 'si', 'Vinotinto-1.jpg'),
(89, 2, 'Vinotinto', 'si', 'Vinotinto-2.jpg'),
(89, 14, 'Craneo', 'si', 'Craneo-14.jpg'),
(90, 1, 'Culebra', 'si', 'Culebra-1.jpg'),
(90, 14, 'Salem', 'si', 'Salem-14.jpg'),
(91, 14, 'Calabaza', 'no', 'Calabaza-14.jpg'),
(92, 3, 'Sencillez', 'si', 'Sencillez-3.jpg'),
(92, 4, 'Sencillez', 'no', 'Sencillez-4.jpg'),
(92, 14, 'Michi', 'si', 'Michi-14.jpg'),
(93, 14, 'Curiosidad', 'si', 'tap 93-14.jpg'),
(94, 14, 'Flamenco amor', 'si', 'tap 94-14.jpg'),
(95, 14, 'Corazón Print', 'si', 'tap 95-14.jpg'),
(96, 14, 'Universo', 'si', 'tap 96-14.jpg'),
(97, 14, 'Ojito', 'si', 'tap 97-14.jpg'),
(98, 14, 'Desapego', 'si', 'Desapego-14.jpg'),
(99, 14, 'Mariposas Negras', 'si', 'Mariposas Negras-14.jpg'),
(109, 1, 'Pony', 'no', 'Pony-1.jpg'),
(110, 1, 'Persa', 'si', 'Persa-1.jpg'),
(111, 1, 'Lirio', 'si', 'Lirio-1.jpg'),
(111, 2, 'Lirio', 'si', 'Lirio-2.jpg'),
(111, 3, 'Lirio', 'no', 'Lirio-3.jpg'),
(111, 4, 'Lirio', 'no', 'Lirio-4.jpg'),
(112, 1, 'Cactus', 'si', 'Cactus-1.jpg'),
(112, 2, 'Cactus', 'si', 'Cactus-2.jpg'),
(112, 3, 'Cactus', 'si', 'Cactus-3.jpg'),
(113, 1, 'volkswagen', 'si', 'volkswagen-1.jpg'),
(114, 1, 'Étnico', 'si', 'Étnico-1.jpg'),
(114, 2, 'Étnico', 'si', 'Étnico-2.jpg'),
(117, 1, 'Miel', 'si', 'Miel-1.jpg'),
(117, 2, 'Miel', 'si', 'Miel-2.jpg'),
(118, 1, 'Espinas', 'si', 'Espinas-1.jpg'),
(118, 2, 'Espinas', 'si', 'Espinas-2.jpg'),
(118, 3, 'Espinas', 'no', 'Espinas-3.jpg'),
(119, 1, 'Atrevido', 'no', 'Atrevido-1.jpg'),
(120, 1, 'Rock', 'no', 'Rock-1.jpg'),
(121, 1, 'Sueños', 'no', 'Sueños-1.jpg'),
(121, 2, 'Sueños', 'no', 'Sueños-2.jpg'),
(122, 1, 'Viajeras', 'no', 'Viajeras-1.jpg'),
(122, 2, 'Viajeras', 'no', 'Viajeras-2.jpg'),
(123, 1, 'Fugaz', 'si', 'Fugaz-1.jpg'),
(123, 2, 'Fugaz', 'si', 'Fugaz-2.jpg'),
(123, 3, 'fugas', 'si', 'fugas-3.jpg'),
(125, 1, 'Love', 'si', 'Love-1.jpg'),
(125, 2, 'Love', 'si', 'Love-2.jpg'),
(125, 3, 'Love', 'si', 'Love-3.jpg'),
(125, 4, 'Love', 'si', 'Love-4.jpg'),
(126, 1, 'Diamantes', 'no', 'Diamantes-1.jpg'),
(127, 1, 'Piramides', 'no', 'Piramides-1.jpg'),
(128, 1, 'Muelitas', 'si', 'Muelitas-1.jpg'),
(129, 1, 'Salud', 'si', 'Salud-1.jpg'),
(130, 1, 'Ocobos', 'si', 'Ocobos-1.jpg'),
(131, 1, 'Fé', 'no', 'Fé-1.jpg'),
(131, 3, 'Fé', 'si', 'Fé-3.jpg'),
(131, 4, 'Fe', 'no', 'Fe-4.jpg'),
(132, 1, 'Alegría', 'no', 'Alegría-1.jpg'),
(132, 3, 'Alegría ', 'si', 'Alegría -3.jpg'),
(133, 1, 'Felinos', 'no', 'Felinos-1.jpg'),
(133, 3, 'Felinos', 'si', 'Felinos-3.jpg'),
(134, 1, 'Cebra', 'no', 'Cebra-1.jpg'),
(134, 3, 'Cebra', 'si', 'Cebra-3.jpg'),
(134, 7, 'Cebra', 'no', 'Cebra-7.jpg'),
(135, 1, 'BMW', 'si', 'BMW-1.jpg'),
(136, 1, 'Ajedrez', 'no', 'Ajedrez-1.jpg'),
(136, 4, 'Ajedrez', 'no', 'Ajedrez-4.jpg'),
(137, 1, 'Gol', 'si', 'Gol-1.jpg'),
(138, 1, 'Titis', 'no', 'Titis-1.jpg'),
(138, 3, 'Titis', 'no', 'Titis-3.jpg'),
(139, 1, 'Púrpura ', 'no', 'Púrpura -1.jpg'),
(139, 2, 'Púrpura', 'no', 'Purpura-2.jpg'),
(139, 3, 'Floral', 'si', 'Floral-3.jpg'),
(139, 4, 'Floral', 'no', 'Floral-4.jpg'),
(140, 1, 'Desierto', 'no', 'Desierto-1.jpg'),
(140, 3, 'Desierto', 'no', 'Desierto-3.jpg'),
(141, 1, 'Primavera', 'no', 'Primavera-1.jpg'),
(142, 1, 'Medallo', 'si', 'Medallo-1.jpg'),
(142, 2, 'Medallo', 'si', 'Medallo-2.jpg'),
(142, 3, 'Medallo', 'si', 'Medallo-3.jpg'),
(142, 4, 'Medallo', 'si', 'Medallo-4.jpg'),
(143, 1, 'Colores', 'si', 'Colores-1.jpg'),
(143, 2, 'Colores', 'si', 'Colores-2.jpg'),
(143, 3, 'Colores', 'no', 'Colores-3.jpg'),
(143, 4, 'Colores', 'no', 'Colores-4.jpg'),
(143, 7, 'Colores', 'no', 'Colores-7.jpg'),
(143, 11, 'Colores', 'si', 'Colores-11.jpg'),
(144, 1, 'Guacamayas', 'si', 'Guacamayas-1.jpg'),
(144, 3, 'Guacamayas', 'si', 'Guacamayas-3.jpg'),
(144, 7, 'Guacamayas', 'si', 'Guacamayas-7.jpg'),
(144, 11, 'Guacamayas', 'si', 'Guacamayas-11.jpg'),
(145, 1, 'Gucci', 'si', 'Gucci-1.jpg'),
(146, 1, 'Emojis', 'no', 'Emojis-1.jpg'),
(146, 3, 'Emojis', 'si', 'Emojis-3.jpg'),
(146, 7, 'Emojis', 'no', 'Emojis-7.jpg'),
(147, 1, 'Grafiti', 'si', 'Grafiti-1.jpg'),
(147, 3, 'Grafiti', 'si', 'Grafiti-3.jpg'),
(147, 7, 'Grafiti', 'no', 'Grafiti-7.jpg'),
(148, 1, 'Toda azul', 'si', 'Toda azul-1.jpg'),
(149, 1, 'Letras', 'si', 'Letras-1.jpg'),
(149, 3, 'Letras', 'no', 'Letras-3.jpg'),
(149, 4, 'Letras', 'no', 'Letras-4.jpg'),
(150, 1, 'Emma', 'no', 'Emma-1.jpg'),
(151, 1, 'Floral', 'si', 'Floral-1.jpg'),
(151, 2, 'Floral', 'si', 'Floral-2.jpg'),
(152, 1, 'Corazones de Colores', 'si', 'Corazones de Colores-1.jpg'),
(152, 3, 'Corazones de Colores', 'si', 'Corazones de Colores-3.jpg'),
(152, 4, 'Corazones de Colores', 'no', 'Corazones de Colores-4.jpg'),
(153, 1, 'Laguna', 'si', 'Laguna-1.jpg'),
(153, 2, 'Laguna', 'si', 'Laguna-2.jpg'),
(154, 1, 'Fuerza', 'si', 'Fuerza-1.jpg'),
(154, 2, 'Fuerza', 'no', 'Fuerza-2.jpg'),
(154, 3, 'Fuerza', 'si', 'Fuerza-3.jpg'),
(154, 4, 'Fuerza', 'no', 'Fuerza-4.jpg'),
(154, 11, 'Fuerza', 'si', 'Fuerza-11.jpg'),
(155, 1, 'Cappuccino', 'no', 'Cappuccino-1.jpg'),
(156, 1, 'Lunares', 'no', 'Lunares-1.jpg'),
(156, 4, 'Lunares', 'no', 'Lunares-4.jpg'),
(157, 1, 'Neblina', 'si', 'Neblina-1.jpg'),
(157, 2, 'Neblina', 'si', 'Neblina-2.jpg'),
(157, 3, 'Neblina', 'si', 'Neblina-3.jpg'),
(157, 4, 'Nebrina', 'si', 'Nebrina-4.jpg'),
(158, 1, 'Meta', 'si', 'Meta-1.jpg'),
(158, 3, 'Meta', 'no', 'Meta-3.jpg'),
(158, 7, 'Meta', 'no', 'Meta-7.jpg'),
(159, 3, 'Vertical', 'si', 'Vertical-3.jpg'),
(159, 7, 'Vertical', 'si', 'Vertical-7.jpg'),
(160, 3, 'Balvin', 'si', 'Balvin-3.jpg'),
(161, 1, 'Rayas azules', 'no', 'Rayas azules-1.jpg'),
(161, 3, 'Rayas Azules', 'si', 'Rayas Azules-3.jpg'),
(161, 7, 'Rayas Azules', 'si', 'Rayas Azules-7.jpg'),
(161, 11, 'Rayas Azules', 'si', 'Rayas Azules-11.jpg'),
(162, 1, 'Rayas negras', 'si', 'Rayas negras-1.jpg'),
(162, 2, 'Rayas Negras', 'si', 'Rayas Negras-2.jpg'),
(163, 1, 'Rayas azul rojo', 'no', 'Rayas azul rojo-1.jpg'),
(164, 1, 'Esmeralda', 'no', 'Esmeralda-1.jpg'),
(165, 1, 'Rayas rojas', 'si', 'Rayas rojas-1.jpg'),
(165, 3, 'Creo en mi ', 'si', 'Creo en mi -3.jpg'),
(167, 1, 'Rayas Locas', 'si', 'Rayas Locas-1.jpg'),
(167, 7, 'Rayas Locas', 'si', 'Rayas Locas-7.jpg'),
(168, 3, 'Rays diagonal', 'si', 'Rays diagonal-3.jpg'),
(168, 7, 'Diagonal', 'si', 'Diagonal-7.jpg'),
(169, 3, 'Eléctrico ', 'si', 'Eléctrico -3.jpg'),
(169, 7, 'Eléctrico ', 'si', 'Eléctrico -7.jpg'),
(170, 3, 'Guajira', 'si', 'Guajira-3.jpg'),
(170, 4, 'Guajira', 'si', 'Guajira-4.jpg'),
(170, 7, 'Guajira', 'si', 'Guajira-7.jpg'),
(170, 11, 'Guajira', 'si', 'Guajira-11.jpg'),
(171, 3, 'Palmeras', 'si', 'Palmeras-3.jpg'),
(171, 4, 'Palmeras', 'si', 'Palmeras-4.jpg'),
(171, 7, 'Palmeras', 'si', 'Palmeras-7.jpg'),
(171, 11, 'Palmeras', 'si', 'Palmeras-11.jpg'),
(172, 1, 'Cebra morada', 'no', 'Cebra morada-1.jpg'),
(172, 3, 'Cebra Morada', 'no', 'Cebra Morada-3.jpg'),
(175, 1, 'Calma', 'si', 'Calma-1.jpg'),
(175, 3, 'Calma', 'si', 'Calma-3.jpg'),
(175, 7, 'Calma', 'no', 'Calma-7.jpg'),
(175, 11, 'Calma', 'si', 'Calma-11.jpg'),
(176, 3, 'Guerrera', 'no', 'Guerrera-3.jpg'),
(177, 1, 'Piñas', 'si', 'Piñas-1.jpg'),
(177, 3, 'Piñas', 'si', 'Piñas-3.jpg'),
(177, 4, 'Piñas', 'si', 'Piñas-4.jpg'),
(177, 7, 'Piñas', 'si', 'Piñas-7.jpg'),
(177, 11, 'Piñas', 'si', 'Piñas-11.jpg'),
(178, 1, 'Panda', 'si', 'Panda-1.jpg'),
(179, 1, 'Flamencos', 'si', 'Flamencos-1.jpg'),
(179, 3, 'Flamencos', 'si', 'Flamencos-3.jpg'),
(179, 4, 'Flamencos', 'si', 'Flamencos-4.jpg'),
(179, 7, 'Flamencos', 'si', 'Flamencos-7.jpg'),
(179, 11, 'Flamencos', 'si', 'Flamencos-11.jpg'),
(180, 1, 'Claveles ', 'no', 'Claveles -1.jpg'),
(181, 1, 'Coctel', 'no', 'Coctel-1.jpg'),
(182, 1, 'Helados', 'no', 'Helados-1.jpg'),
(185, 1, 'Jardín', 'si', 'Jardín-1.jpg'),
(185, 3, 'Jardin', 'si', 'Jardin-3.jpg'),
(185, 4, 'Jardin', 'si', 'Jardin-4.jpg'),
(186, 1, 'Sol', 'no', 'Sol-1.jpg'),
(186, 3, 'Sol', 'si', 'Sol-3.jpg'),
(187, 7, 'Amén', 'si', 'Amén-7.jpg'),
(188, 1, 'Tiburón', 'no', 'Tiburón-1.jpg'),
(188, 3, 'Tiburón', 'si', 'Tiburón-3.jpg'),
(188, 4, 'Tiburon', 'si', 'Tiburon-4.jpg'),
(188, 7, 'Tiburón', 'si', 'Tiburón-7.jpg'),
(189, 3, 'Aire', 'no', 'Aire-3.jpg'),
(189, 7, 'Aire', 'no', 'Aire-7.jpg'),
(190, 3, 'Disciplina', 'no', 'Disciplina-3.jpg'),
(190, 7, 'Disciplina', 'no', 'Disciplina-7.jpg'),
(191, 3, 'Luz', 'no', 'Luz-3.jpg'),
(191, 7, 'Luz', 'no', 'Luz-7.jpg'),
(192, 3, 'Tortugas', 'si', 'Tortugas-3.jpg'),
(192, 7, 'Tortugas', 'si', 'Tortugas-7.jpg'),
(193, 3, 'Marinero', 'si', 'Marinero-3.jpg'),
(193, 4, 'Marinero', 'si', 'Marinero-4.jpg'),
(193, 7, 'Marinero', 'si', 'Marinero-7.jpg'),
(195, 1, 'Anclas azules', 'si', 'Anclas azules-1.jpg'),
(195, 3, 'Anclas Azules', 'si', 'Anclas Azules-3.jpg'),
(195, 4, 'Anclas Azules', 'si', 'Anclas Azules-4.jpg'),
(195, 7, 'Anclas Azules', 'si', 'Anclas Azules-7.jpg'),
(195, 11, 'Anclas Azules', 'si', 'Anclas Azules-11.jpg'),
(196, 3, 'Perseverancia', 'si', 'Perseverancia-3.jpg'),
(196, 4, 'Perseverancia', 'si', 'Perseverancia-4.jpg'),
(196, 7, 'Perseverancia', 'si', 'Perseverancia-7.jpg'),
(196, 11, 'Perseverancia', 'si', 'Perseverancia-11.jpg'),
(197, 1, 'Perdon', 'no', 'Perdon-1.jpg'),
(197, 3, 'Perdón', 'si', 'Perdón-3.jpg'),
(197, 7, 'Perdón ', 'si', 'Perdón -7.jpg'),
(197, 11, 'Perdón', 'si', 'Perdón-11.jpg'),
(198, 1, 'Espiritual', 'no', 'Espiritual-1.jpg'),
(198, 3, 'Espiritual', 'no', 'Espiritual-3.jpg'),
(198, 7, 'Espiritual', 'si', 'Espiritual-7.jpg'),
(199, 3, 'Bendición', 'si', 'Bendición-3.jpg'),
(199, 7, 'Bendición', 'si', 'Bendición-7.jpg'),
(200, 3, 'Lider', 'no', 'Lider-3.jpg'),
(201, 3, 'Panditas', 'si', 'Panditas-3.jpg'),
(202, 3, 'Tecnicolor', 'si', 'Tecnicolor-3.jpg'),
(203, 1, 'Creatividad', 'si', 'Creatividad-1.jpg'),
(203, 2, 'Creatividad', 'si', 'Creatividad-2.jpg'),
(203, 3, 'Creatividad', 'si', 'Creatividad-3.jpg'),
(204, 3, 'Renacer', 'si', 'Renacer-3.jpg'),
(204, 11, 'Renacer', 'si', 'Renacer-11.jpg'),
(205, 3, 'Ovnis', 'si', 'Ovnis-3.jpg'),
(206, 3, 'Yo Puedo', 'no', 'Yo Puedo-3.jpg'),
(207, 3, 'Elegancia', 'no', 'Elegancia-3.jpg'),
(208, 3, 'Energía ', 'no', 'Energía -3.jpg'),
(209, 3, 'Conciencia', 'no', 'Conciencia-3.jpg'),
(211, 1, 'Selva', 'no', 'Selva-1.jpg'),
(211, 3, 'Selva', 'no', 'Selva-3.jpg'),
(211, 7, 'Selva', 'no', 'Selva-7.jpg'),
(212, 1, 'Potro', 'si', 'Potro-1.png'),
(212, 3, 'Potro', 'si', 'Potro-3.jpg'),
(213, 3, 'Jara Print', 'no', 'Jara Print-3.jpg'),
(214, 3, 'Aliens', 'no', 'Aliens-3.jpg'),
(215, 4, 'Rojo', 'si', 'Rojo-4.jpg'),
(216, 1, 'Happy', 'si', 'Happy-1.png'),
(216, 3, 'Happy', 'si', 'Happy-3.jpg'),
(217, 1, 'Libertad', 'si', 'Libertad-1.jpg'),
(217, 2, 'Libertad', 'si', 'Libertad-2.jpg'),
(217, 3, 'Libertad', 'si', 'Libertad-3.jpg'),
(217, 4, 'Libertad', 'si', 'Libertad-4.jpg'),
(217, 11, 'Libertad', 'si', 'Libertad-11.jpg'),
(218, 1, 'Miau', 'si', 'Miau-1.jpg'),
(218, 3, 'Miau', 'si', 'Miau-3.jpg'),
(220, 3, 'Amorcito', 'no', 'Amorcito-3.jpg'),
(221, 1, 'Tommy', 'si', 'Tommy-1.jpg'),
(221, 2, 'Tommy', 'si', 'Tommy-2.jpg'),
(221, 3, 'Tommy', 'si', 'Tommy-3.jpg'),
(222, 1, 'Cali', 'no', 'Cali-1.jpg'),
(222, 3, 'Cali', 'si', 'Cali-3.jpg'),
(222, 4, 'Cali', 'si', 'Cali-4.jpg'),
(223, 1, 'Ballenitas', 'no', 'Ballenitas-1.jpg'),
(223, 3, 'Ballenitas', 'no', 'Ballenitas-3.jpg'),
(224, 1, 'Pacífico', 'si', 'Pacífico-1.jpg'),
(224, 2, 'Pacifico', 'si', 'Pacifico-2.jpg'),
(225, 1, 'Pamplona', 'si', 'Pamplona-1.jpg'),
(225, 2, 'Pamplona', 'si', 'Pamplona-2.jpg'),
(226, 1, 'Quindío', 'si', 'Quindío-1.jpg'),
(226, 2, 'Quindío', 'si', 'Quindío-2.jpg'),
(227, 1, 'Pasto', 'si', 'Pasto-1.jpg'),
(227, 2, 'Pasto', 'si', 'Pasto-2.jpg'),
(228, 1, 'Cascada', 'si', 'Cascada-1.jpg'),
(229, 1, 'Lajas', 'si', 'Lajas-1.jpg'),
(229, 2, 'Lajas', 'si', 'Lajas-2.jpg'),
(230, 1, 'Popayan ', 'si', 'Popayan -1.jpg'),
(230, 2, 'Popayan', 'si', 'Popayan-2.jpg'),
(231, 1, 'Aguacates', 'si', 'Aguacates-1.jpg'),
(231, 2, 'Aguacates', 'si', 'Aguacates-2.jpg'),
(231, 3, 'Aguacates', 'si', 'Aguacates-3.jpg'),
(231, 4, 'Aguacates', 'si', 'Aguacates-4.jpg'),
(232, 1, 'Dinosaurious', 'si', 'Dinosaurious-1.jpg'),
(233, 1, 'Tejido', 'si', 'Tejido-1.jpg'),
(236, 1, 'Murciélago', 'no', 'Murciélago-1.jpg'),
(236, 3, 'Murciélagos', 'si', 'Murciélagos-3.jpg'),
(237, 3, 'Recién casados', 'no', 'Recién casados-3.jpg'),
(238, 3, 'Reyes', 'si', 'Reyes-3.jpg'),
(239, 3, 'Resiliencia', 'si', 'Resiliencia-3.jpg'),
(239, 4, 'Resilencia', 'si', 'Resilencia-4.jpg'),
(239, 11, 'Resiliencia', 'si', 'Resiliencia-11.jpg'),
(240, 1, 'Playa', 'si', 'Playa-1.jpg'),
(240, 2, 'Playa', 'si', 'Playa-2.jpg'),
(240, 3, 'Playa', 'si', 'Playa-3.jpg'),
(240, 11, 'Playa', 'si', 'Playa-11.jpg'),
(241, 1, 'Yoli', 'si', 'Yoli-1.jpg'),
(241, 2, 'Yoli', 'si', 'Yoli-2.jpg'),
(241, 3, 'Yoli', 'si', 'Yoli-3.jpg'),
(241, 4, 'Yoli', 'si', 'Yoli-4.jpg'),
(241, 7, 'Yoli', 'si', 'Yoli-7.jpg'),
(241, 11, 'Yoli', 'si', 'Yoli-11.jpg'),
(242, 3, 'Gallo', 'no', 'Gallo-3.jpg'),
(243, 1, 'Caballitos de mar', 'si', 'Caballitos de mar-1.jpg'),
(243, 2, 'Caballito de mar', 'si', 'Caballito de mar-2.jpg'),
(243, 3, 'Caballitos de Mar', 'si', 'Caballitos de Mar-3.jpg'),
(243, 7, 'Caballitos de Mar', 'si', 'Caballitos de Mar-7.jpg'),
(243, 11, 'Caballitos de Mar', 'si', 'Caballitos de Mar-11.jpg'),
(244, 3, 'Cielo', 'si', 'Cielo-3.jpg'),
(245, 1, 'Navidad', 'no', 'Navidad-1.jpg'),
(246, 1, 'Ilusiones', 'si', 'Ilusiones-1.jpg'),
(246, 2, 'Ilusiones', 'si', 'Ilusiones-2.jpg'),
(247, 1, 'Moticos', 'si', 'Moticos-1.jpg'),
(248, 1, 'Oportunidad', 'si', 'Oportunidad-1.jpg'),
(248, 2, 'Oportunidad', 'si', 'Oportunidad-2.jpg'),
(248, 3, 'Oportunidad', 'no', 'Oportunidad-3.jpg'),
(248, 4, 'Oportunidad', 'si', 'Oportunidad-4.jpg'),
(249, 1, 'Princesita', 'si', 'Princesita-1.jpg'),
(249, 3, 'Princesita', 'si', 'Princesita-3.jpg'),
(250, 1, 'Principito', 'si', 'Principito-1.jpg'),
(250, 7, 'Principito', 'si', 'Principito-7.jpg'),
(251, 1, 'Barranquilla', 'si', 'Barranquilla-1.jpg'),
(251, 3, 'Barranquilla', 'si', 'Barranquilla-3.jpg'),
(252, 1, 'Morrocoy', 'si', 'Morrocoy-1.jpg'),
(252, 2, 'Morrocoy', 'si', 'Morrocoy-2.jpg'),
(252, 3, 'Morrocoy', 'no', 'Morrocoy-3.jpg'),
(252, 4, 'Morrocoy', 'no', 'Morrocoy-4.jpg'),
(252, 7, 'Morrocoy', 'no', 'Morrocoy-7.jpg'),
(253, 1, 'Pececitos', 'si', 'Pececitos-1.jpg'),
(253, 3, 'Pececitos', 'si', 'Pececitos-3.jpg'),
(253, 7, 'Pececitos', 'si', 'Pececitos-7.jpg'),
(254, 1, 'Puerto', 'si', 'Puerto-1.jpg'),
(254, 3, 'Puerto', 'si', 'Puerto-3.jpg'),
(254, 7, 'Puerto', 'si', 'Puerto-7.jpg'),
(255, 1, 'Talento', 'si', 'Talento-1.jpg'),
(255, 2, 'Talento', 'si', 'Talento-2.jpg'),
(255, 3, 'Talento', 'si', 'Talento-3.jpg'),
(255, 4, 'Talento', 'si', 'Talento-4.jpg'),
(255, 7, 'Talento', 'si', 'Talento-7.jpg'),
(256, 3, 'Acuario', 'no', 'Acuario-3.jpg'),
(256, 7, 'Acuario', 'no', 'Acuario-7.jpg'),
(257, 3, 'Coco loco', 'no', 'Coco loco-3.jpg'),
(257, 4, 'Coco loco', 'no', 'Coco loco-4.jpg'),
(257, 7, 'Coco loco', 'no', 'Coco loco-7.jpg'),
(258, 3, 'Sandías', 'no', 'Sandías-3.jpg'),
(258, 7, 'Sandías', 'no', 'Sandías-7.jpg'),
(259, 1, 'Donas', 'si', 'Donas-1.jpg'),
(259, 3, 'Donas', 'si', 'Donas-3.jpg'),
(259, 4, 'Donas', 'si', 'Donas-4.jpg'),
(259, 7, 'Donas', 'si', 'Donas-7.jpg'),
(260, 1, 'Diva', 'si', 'Diva-1.jpg'),
(260, 2, 'Diva', 'si', 'Diva-2.jpg'),
(260, 3, 'Diva', 'no', 'Diva-3.jpg'),
(260, 9, 'Leggings Diva', 'si', 'Diva-9.jpg'),
(260, 13, 'Diva', 'si', 'Diva-13.jpg'),
(261, 1, 'Dorada escarchada', 'si', 'Dorada escarchada-1.jpg'),
(261, 2, 'Dorada escarchada', 'si', 'Dorada escarchada-2.jpg'),
(262, 3, 'Blonda', 'si', 'Blonda-3.jpg'),
(262, 4, 'Blonda', 'si', 'Blonda-4.jpg'),
(262, 9, 'Blonda', 'si', 'Blonda-9.jpg'),
(263, 1, 'Leopardo', 'si', 'Leopardo-1.jpg'),
(263, 2, 'Leopardo', 'si', 'Leopardo-2.jpg'),
(263, 3, 'Leopardo', 'si', 'Leopardo-3.jpg'),
(263, 4, 'Leopardo', 'si', 'Leopardo-4.jpg'),
(264, 1, 'Ojitos', 'si', 'Ojitos-1.jpg'),
(264, 2, 'Ojitos', 'si', 'Ojitos-2.jpg'),
(264, 4, 'Ojitos', 'si', 'Ojitos-4.jpg'),
(265, 1, 'Amor Propio', 'si', 'Amor Propio-1.jpg'),
(265, 2, 'Amor Propio', 'si', 'Amor Propio-2.jpg'),
(265, 3, 'Amor Propio', 'si', 'Amor Propio-3.jpg'),
(265, 4, 'Amor Propio', 'si', 'Amor Propio-4.jpg'),
(266, 1, 'Eternidad', 'si', 'Eternidad-1.jpg'),
(266, 2, 'Eternidad', 'si', 'Eternidad-2.jpg'),
(267, 1, 'Exito', 'si', 'Exito-1.jpg'),
(267, 2, 'Exito', 'si', 'Exito-2.jpg'),
(268, 1, 'Armonía', 'si', 'Armonía-1.jpg'),
(268, 2, 'Armonía', 'si', 'Armonía-2.jpg'),
(269, 3, 'Agua', 'si', 'Agua-3.jpg'),
(269, 7, 'Agua', 'si', 'Agua-7.jpg'),
(270, 1, 'Plateada', 'no', 'Plateada-1.jpg'),
(270, 2, 'Plateada', 'no', 'Plateada-2.jpg'),
(271, 1, 'Certeza', 'si', 'Fè-1.jpg'),
(271, 2, 'Certeza', 'si', 'Certeza-2.jpg'),
(272, 1, 'Estrellas', 'si', 'Estrellas-1.jpg'),
(272, 2, 'Estrellas', 'si', 'Estrellas-2.jpg'),
(272, 3, 'Estrellas', 'si', 'Estrellas-3.jpg'),
(272, 7, 'Estrellas', 'si', 'Estrellas-7.jpg'),
(272, 9, 'Estrellas', 'si', 'Estrellas-9.jpg'),
(273, 1, 'Decididos', 'si', 'Decididos-1.jpg'),
(273, 9, 'Cereza', 'si', 'Cereza-9.jpg'),
(274, 1, 'Acuarela', 'si', 'Acuarela-1.jpg'),
(274, 2, 'Acuarela', 'si', 'Acuarela-2.jpg'),
(274, 9, 'Azul', 'si', 'Azul-9.jpg'),
(275, 1, 'Agosto', 'si', 'Agosto-1.jpg'),
(275, 2, 'Agosto', 'si', 'Agosto-2.jpg'),
(275, 9, 'Verde', 'si', 'Verde-9.jpg'),
(276, 1, 'Blanco Unicornio', 'si', 'Blanco Unicornio-1.jpg'),
(276, 2, 'Blanco Unicornio', 'si', 'Blanco Unicornio-2.jpg'),
(276, 9, 'Fucsia', 'si', 'Fucsia-9.jpg'),
(277, 1, 'Cla277', 'si', 'Cla277-1.jpg'),
(277, 3, 'Honor', 'si', 'Honor-3.jpg'),
(277, 7, 'Honor', 'si', 'Honor-7.jpg'),
(277, 9, 'Océano', 'si', 'Océano-9.jpg'),
(278, 1, 'Sis278', 'si', 'Sis278-1.jpg'),
(278, 3, 'Mariposas Negras', 'si', 'Mariposas Negras-3.jpg'),
(278, 9, 'Vinotinto', 'si', 'Vinotinto-9.jpg'),
(279, 1, 'Sis279', 'si', 'Sis279-1.jpg'),
(279, 3, 'Cambios', 'si', 'Cambios-3.jpg'),
(279, 7, 'Pan279', 'si', 'Pan279-7.jpg'),
(279, 9, 'Agua Marina', 'si', 'Agua Marina-9.jpg'),
(280, 3, 'Sis280', 'si', 'Sis280-3.jpg'),
(280, 7, 'Pan280', 'si', 'Pan280-7.jpg'),
(280, 9, 'Purpura', 'si', 'Purpura-9.jpg'),
(281, 3, 'Sis281', 'si', 'Sis281-3.jpg'),
(281, 7, 'Pan281', 'si', 'Pan281-7.jpg'),
(282, 3, 'Sis282', 'si', 'Sis282-3.jpg'),
(282, 7, 'Pan282', 'si', 'Pan282-7.jpg'),
(283, 3, 'Sis283', 'si', 'Sis283-3.jpg'),
(283, 7, 'Pan283', 'si', 'Pan283-7.jpg'),
(284, 3, 'Sis284', 'si', 'Sis284-3.jpg'),
(284, 7, 'Pan284', 'si', 'Pan284-7.jpg'),
(285, 7, 'Pan285', 'si', 'Pan285-7.jpg'),
(286, 7, 'Pan286', 'si', 'Pan286-7.jpg'),
(287, 7, 'Pan287', 'si', 'Pan287-7.jpg'),
(288, 7, 'Pan288', 'si', 'Pan288-7.jpg'),
(289, 3, 'Vaca purpura', 'si', 'Vaca purpura-3.jpg'),
(290, 3, 'Sis290', 'si', 'Sis290-3.jpg'),
(291, 1, 'Navidad Feliz', 'si', 'Navidad Feliz-1.jpg'),
(292, 3, 'Empoderada', 'si', 'Empoderada-3.jpg'),
(293, 1, 'Proposito', 'si', 'Proposito-1.jpg'),
(294, 1, 'Transformación', 'si', '1-294-Transformación.jpg'),
(295, 1, 'Impacto', 'si', '1-295-Impacto.jpeg'),
(296, 1, 'Aceptación', 'si', '1-296-Aceptación.jpeg'),
(297, 1, 'Gris Amor', 'si', '1-297-Gris Amor.jpeg'),
(298, 1, 'Colibri', 'si', '1-298-Colibri.jpeg'),
(299, 1, 'Margaritas', 'si', '1-299-Margaritas.jpeg'),
(300, 1, 'Mimados', 'si', '1-300-Mimados.jpeg'),
(301, 1, 'Serenidad', 'si', '1-301-Serenidad.jpeg'),
(302, 1, 'Ositos', 'si', '1-302-Ositos.jpeg'),
(1002, 100, 'Piedritas', 'si', 'Piedritas-100.jpg'),
(1002, 200, 'Piedritas', 'si', 'Piedritas-200.jpg'),
(1003, 4, 'Catrina', 'no', 'Catrina-4.jpg'),
(1003, 100, 'Estrellitas', 'si', 'Estrellitas-100.jpg'),
(1003, 200, 'Estrellitas', 'si', 'Estrellitas-200.jpg'),
(1004, 2, 'PeRa Black', 'si', 'PeRa Black-2.jpg'),
(1004, 4, 'Esqueleto', 'no', 'Esqueleto-4.jpg'),
(1005, 4, 'Mexico', 'no', 'Mexico-4.jpg'),
(1006, 4, 'Huesitos', 'no', 'Huesitos-4.jpg'),
(1007, 11, 'Cambio', 'si', 'Cambio-11.jpg'),
(1009, 11, 'Bondad', 'si', 'Bondad-11.jpg'),
(1010, 11, 'Aceptación', 'si', 'Aceptación-11.jpg'),
(1010, 14, 'Panda Amor', 'si', 'Panda Amor-14.jpg'),
(1011, 11, 'Voluntad', 'si', 'Voluntad-11.jpg'),
(1011, 14, 'Anclitas', 'si', 'Anclitas-14.jpg'),
(1012, 11, 'Firmeza', 'si', 'Firmeza-11.jpg'),
(1012, 14, 'Guardian', 'si', 'Guardian-14.jpg'),
(1013, 11, 'Tropical', 'si', 'Tropical-11.jpg'),
(1013, 14, 'Elegante', 'si', 'Elegante-14.jpg'),
(1014, 11, 'Chinácota', 'si', 'Chinácota-11.jpg'),
(1014, 14, 'Neblina', 'si', 'Neblina-14.jpg'),
(1015, 14, 'Caballitos', 'si', 'Caballitos-14.jpg'),
(1016, 14, 'Barquitos', 'si', 'Barquitos-14.jpg'),
(1017, 14, 'Herradura', 'si', 'Herradura-14.jpg'),
(1018, 14, 'Marinero', 'si', 'Marinero-14.jpg'),
(1019, 14, 'Mar', 'si', 'Mar-14.jpg'),
(1020, 14, 'Dragones', 'si', 'Dragones-14.jpg'),
(1021, 14, 'Cambios', 'si', 'Cambios-14.jpg'),
(1022, 14, 'Merry Christmas', 'no', 'Merry Christmas-14.jpg'),
(1023, 14, 'Muñequitos de Nieve', 'no', 'Muñequitos de Nieve-14.jpg'),
(1024, 14, 'Papa Noel', 'no', 'Papa Noel-14.jpg'),
(1025, 14, 'Pinguinito', 'no', 'Pinguinito-14.jpg'),
(1026, 14, 'Nieve', 'no', 'Nieve-14.jpg'),
(1027, 14, 'Navidad Feliz', 'no', 'Navidad Feliz-14.jpg'),
(1028, 14, 'Grinch', 'no', 'Grinch-14.jpg'),
(1029, 14, 'Polar', 'no', 'Polar-14.jpg'),
(1030, 14, 'Renito', 'no', 'Renito-14.jpg'),
(1031, 14, 'Diciembre', 'no', 'Diciembre-14.jpg'),
(1032, 14, 'Guadalupe', 'si', 'Guadalupe-14.jpg'),
(1033, 14, 'Pestañitas', 'si', '14-1033-Pestañitas.jpg'),
(1034, 14, 'Impacto', 'si', '14-1034-Impacto.jpg'),
(1035, 14, 'Pink', 'si', '14-1035-Pink.jpg'),
(1036, 14, 'Gris Amor', 'si', '14-1036-Gris Amor.jpg'),
(1037, 14, 'Energía', 'si', '14-1037-Energía.jpg'),
(1038, 14, 'Tiranosaurio', 'si', '14-1038-Tiranosaurio.jpg'),
(1039, 14, 'Ositos', 'si', '14-1039-Ositos.jpg'),
(1040, 14, 'Angelitos', 'si', '14-1040-Angelitos.jpg'),
(1041, 14, 'Mimado', 'si', '14-1041-Mimado.jpg'),
(1042, 14, 'Cariño', 'si', '14-1042-Cariño.jpg'),
(1043, 14, 'Fantasia', 'si', '14-1043-Fantasia.jpg'),
(1044, 14, 'Domilon', 'si', '14-1044-Domilon.jpg'),
(1045, 14, 'Nubes', 'si', '14-1045-Nubes.jpg'),
(1046, 14, 'Cuernitos', 'si', '14-1046-Cuernitos.jpg'),
(1047, 14, 'Florecitas', 'si', '14-1047-Florecitas.jpg'),
(1048, 14, 'Dulce', 'si', '14-1048-Dulce.jpg'),
(1049, 14, 'Aceptación', 'si', '14-1049-Aceptación.jpg'),
(1050, 14, 'Rosadito', 'si', '14-1050-Rosadito.jpg'),
(1051, 14, 'Margaritas', 'si', '14-1051-Margaritas.jpg'),
(1052, 14, 'Pasteles', 'si', '14-1052-Pasteles.jpg'),
(1053, 14, 'Flamencos', 'si', '14-1053-Flamencos.jpg'),
(1054, 14, 'Serenidad', 'si', '14-1054-Serenidad.jpg');

-- --------------------------------------------------------

--
-- Estructura de tabla para la tabla `servientrega`
--

CREATE TABLE `servientrega` (
  `idjourney` int(11) NOT NULL,
  `typejourney_idtypejourney` int(11) NOT NULL,
  `city_idcity_origin` int(11) NOT NULL,
  `city_idcity_destination` int(11) NOT NULL
) ENGINE=InnoDB DEFAULT CHARSET=utf8mb4;

--
-- Volcado de datos para la tabla `servientrega`
--

INSERT INTO `servientrega` (`idjourney`, `typejourney_idtypejourney`, `city_idcity_origin`, `city_idcity_destination`) VALUES
(1, 2, 442, 1),
(2, 1, 442, 2),
(3, 2, 442, 3),
(4, 2, 442, 4),
(5, 1, 442, 5),
(6, 2, 442, 6),
(7, 3, 442, 7),
(8, 2, 442, 8),
(9, 2, 442, 9),
(10, 2, 442, 10),
(11, 2, 442, 11),
(12, 1, 442, 12),
(13, 2, 442, 13),
(14, 2, 442, 14),
(15, 2, 442, 15),
(16, 2, 442, 16),
(17, 2, 442, 17),
(18, 3, 442, 18),
(19, 3, 442, 19),
(20, 2, 442, 20),
(21, 2, 442, 21),
(22, 2, 442, 22),
(23, 3, 442, 23),
(24, 2, 442, 24),
(25, 2, 442, 25),
(26, 2, 442, 26),
(27, 3, 442, 27),
(28, 3, 442, 28),
(29, 2, 442, 29),
(30, 2, 442, 30),
(31, 2, 442, 31),
(32, 2, 442, 32),
(33, 2, 442, 33),
(34, 2, 442, 34),
(35, 3, 442, 35),
(36, 3, 442, 36),
(37, 3, 442, 37),
(38, 2, 442, 38),
(39, 3, 442, 39),
(40, 2, 442, 40),
(41, 2, 442, 41),
(42, 3, 442, 42),
(43, 2, 442, 43),
(44, 2, 442, 44),
(45, 2, 442, 45),
(46, 2, 442, 46),
(47, 2, 442, 47),
(48, 2, 442, 48),
(49, 2, 442, 49),
(50, 2, 442, 50),
(51, 2, 442, 51),
(52, 2, 442, 52),
(53, 2, 442, 53),
(54, 2, 442, 54),
(55, 1, 442, 55),
(56, 2, 442, 56),
(57, 1, 442, 57),
(58, 3, 442, 58),
(59, 2, 442, 59),
(60, 2, 442, 60),
(61, 2, 442, 61),
(62, 2, 442, 62),
(63, 2, 442, 63),
(64, 3, 442, 64),
(65, 2, 442, 65),
(66, 2, 442, 66),
(67, 2, 442, 67),
(68, 3, 442, 68),
(69, 3, 442, 69),
(70, 3, 442, 70),
(71, 2, 442, 71),
(72, 2, 442, 72),
(73, 2, 442, 73),
(74, 2, 442, 74),
(75, 2, 442, 75),
(76, 2, 442, 76),
(77, 2, 442, 77),
(78, 2, 442, 78),
(79, 1, 442, 79),
(80, 2, 442, 80),
(81, 2, 442, 81),
(82, 2, 442, 82),
(83, 2, 442, 83),
(84, 2, 442, 84),
(85, 2, 442, 85),
(86, 2, 442, 86),
(87, 2, 442, 87),
(88, 2, 442, 88),
(89, 2, 442, 89),
(90, 3, 442, 90),
(91, 2, 442, 91),
(92, 3, 442, 92),
(93, 3, 442, 93),
(94, 2, 442, 94),
(95, 2, 442, 95),
(96, 2, 442, 96),
(97, 2, 442, 97),
(98, 2, 442, 98),
(99, 2, 442, 99),
(100, 2, 442, 100),
(101, 3, 442, 101),
(102, 3, 442, 102),
(103, 2, 442, 103),
(104, 2, 442, 104),
(105, 3, 442, 105),
(106, 2, 442, 106),
(107, 1, 442, 107),
(108, 2, 442, 108),
(109, 3, 442, 109),
(110, 2, 442, 110),
(111, 3, 442, 111),
(112, 2, 442, 112),
(113, 2, 442, 113),
(114, 2, 442, 114),
(115, 3, 442, 115),
(116, 2, 442, 116),
(117, 2, 442, 117),
(118, 3, 442, 118),
(119, 2, 442, 119),
(120, 2, 442, 120),
(121, 2, 442, 121),
(122, 3, 442, 122),
(123, 2, 442, 123),
(124, 2, 442, 124),
(125, 2, 442, 125),
(126, 2, 442, 126),
(127, 4, 442, 127),
(128, 2, 442, 128),
(129, 2, 442, 129),
(130, 3, 442, 130),
(131, 2, 442, 131),
(132, 2, 442, 132),
(133, 3, 442, 133),
(134, 3, 442, 134),
(135, 1, 442, 135),
(136, 1, 442, 136),
(137, 3, 442, 137),
(138, 2, 442, 138),
(139, 2, 442, 139),
(140, 2, 442, 140),
(141, 2, 442, 141),
(142, 2, 442, 142),
(143, 1, 442, 143),
(144, 2, 442, 144),
(145, 2, 442, 145),
(146, 3, 442, 146),
(147, 3, 442, 147),
(148, 3, 442, 148),
(149, 2, 442, 149),
(150, 2, 442, 150),
(151, 2, 442, 151),
(152, 3, 442, 152),
(153, 2, 442, 153),
(154, 1, 442, 154),
(155, 3, 442, 155),
(156, 2, 442, 156),
(157, 2, 442, 157),
(158, 2, 442, 158),
(159, 3, 442, 159),
(160, 3, 442, 160),
(161, 3, 442, 161),
(162, 2, 442, 162),
(163, 1, 442, 163),
(164, 2, 442, 164),
(165, 3, 442, 165),
(166, 2, 442, 166),
(167, 2, 442, 167),
(168, 2, 442, 168),
(169, 3, 442, 169),
(170, 3, 442, 170),
(171, 2, 442, 171),
(172, 2, 442, 172),
(173, 3, 442, 173),
(174, 2, 442, 174),
(175, 2, 442, 175),
(176, 2, 442, 176),
(177, 1, 442, 177),
(178, 2, 442, 178),
(179, 2, 442, 179),
(180, 2, 442, 180),
(181, 2, 442, 181),
(182, 1, 442, 182),
(183, 2, 442, 183),
(184, 1, 442, 184),
(185, 2, 442, 185),
(186, 2, 442, 186),
(187, 2, 442, 187),
(188, 3, 442, 188),
(189, 3, 442, 189),
(190, 2, 442, 190),
(191, 2, 442, 191),
(192, 2, 442, 192),
(193, 2, 442, 193),
(194, 3, 442, 194),
(195, 2, 442, 195),
(196, 3, 442, 196),
(197, 2, 442, 197),
(198, 2, 442, 198),
(199, 2, 442, 199),
(200, 2, 442, 200),
(201, 3, 442, 201),
(202, 2, 442, 202),
(203, 2, 442, 203),
(204, 1, 442, 204),
(205, 2, 442, 205),
(206, 2, 442, 206),
(207, 2, 442, 207),
(208, 2, 442, 208),
(209, 3, 442, 209),
(210, 2, 442, 210),
(211, 2, 442, 211),
(212, 2, 442, 212),
(213, 1, 442, 213),
(214, 3, 442, 214),
(215, 3, 442, 215),
(216, 3, 442, 216),
(217, 2, 442, 217),
(218, 1, 442, 218),
(219, 2, 442, 219),
(220, 2, 442, 220),
(221, 1, 442, 221),
(222, 2, 442, 222),
(223, 3, 442, 223),
(224, 3, 442, 224),
(225, 3, 442, 225),
(226, 2, 442, 226),
(227, 2, 442, 227),
(228, 2, 442, 228),
(229, 2, 442, 229),
(230, 2, 442, 230),
(231, 2, 442, 231),
(232, 2, 442, 232),
(233, 2, 442, 233),
(234, 3, 442, 234),
(235, 2, 442, 235),
(236, 1, 442, 236),
(237, 2, 442, 237),
(238, 2, 442, 238),
(239, 3, 442, 239),
(240, 3, 442, 240),
(241, 2, 442, 241),
(242, 2, 442, 242),
(243, 2, 442, 243),
(244, 2, 442, 244),
(245, 2, 442, 245),
(246, 3, 442, 246),
(247, 2, 442, 247),
(248, 2, 442, 248),
(249, 2, 442, 249),
(250, 2, 442, 250),
(251, 3, 442, 251),
(252, 3, 442, 252),
(253, 1, 442, 253),
(254, 2, 442, 254),
(255, 2, 442, 255),
(256, 2, 442, 256),
(257, 2, 442, 257),
(258, 2, 442, 258),
(259, 2, 442, 259),
(260, 2, 442, 260),
(261, 1, 442, 261),
(262, 3, 442, 262),
(263, 3, 442, 263),
(264, 2, 442, 264),
(265, 3, 442, 265),
(266, 2, 442, 266),
(267, 2, 442, 267),
(268, 2, 442, 268),
(269, 3, 442, 269),
(270, 2, 442, 270),
(271, 3, 442, 271),
(272, 2, 442, 272),
(273, 2, 442, 273),
(274, 2, 442, 274),
(275, 2, 442, 275),
(276, 2, 442, 276),
(277, 2, 442, 277),
(278, 2, 442, 278),
(279, 2, 442, 279),
(280, 2, 442, 280),
(281, 2, 442, 281),
(282, 2, 442, 282),
(283, 3, 442, 283),
(284, 3, 442, 284),
(285, 3, 442, 285),
(286, 2, 442, 286),
(287, 2, 442, 287),
(288, 2, 442, 288),
(289, 2, 442, 289),
(290, 2, 442, 290),
(291, 3, 442, 291),
(292, 2, 442, 292),
(293, 2, 442, 293),
(294, 2, 442, 294),
(295, 3, 442, 295),
(296, 2, 442, 296),
(297, 2, 442, 297),
(298, 3, 442, 298),
(299, 2, 442, 299),
(300, 2, 442, 300),
(301, 2, 442, 301),
(302, 2, 442, 302),
(303, 3, 442, 303),
(304, 2, 442, 304),
(305, 2, 442, 305),
(306, 2, 442, 306),
(307, 2, 442, 307),
(308, 1, 442, 308),
(309, 2, 442, 309),
(310, 2, 442, 310),
(311, 2, 442, 311),
(312, 2, 442, 312),
(313, 3, 442, 313),
(314, 2, 442, 314),
(315, 3, 442, 315),
(316, 2, 442, 316),
(317, 2, 442, 317),
(318, 3, 442, 318),
(319, 1, 442, 319),
(320, 2, 442, 320),
(321, 2, 442, 321),
(322, 2, 442, 322),
(323, 2, 442, 323),
(324, 2, 442, 324),
(325, 2, 442, 325),
(326, 2, 442, 326),
(327, 3, 442, 327),
(328, 2, 442, 328),
(329, 3, 442, 329),
(330, 3, 442, 330),
(331, 1, 442, 331),
(332, 2, 442, 332),
(333, 2, 442, 333),
(334, 2, 442, 334),
(335, 1, 442, 335),
(336, 2, 442, 336),
(337, 2, 442, 337),
(338, 2, 442, 338),
(339, 3, 442, 339),
(340, 1, 442, 340),
(341, 1, 442, 341),
(342, 4, 442, 342),
(343, 2, 442, 343),
(344, 3, 442, 344),
(345, 2, 442, 345),
(346, 4, 442, 346),
(347, 2, 442, 347),
(348, 2, 442, 348),
(349, 3, 442, 349),
(350, 1, 442, 350),
(351, 1, 442, 351),
(352, 3, 442, 352),
(353, 2, 442, 353),
(354, 2, 442, 354),
(355, 2, 442, 355),
(356, 3, 442, 356),
(357, 2, 442, 357),
(358, 1, 442, 358),
(359, 2, 442, 359),
(360, 2, 442, 360),
(361, 3, 442, 361),
(362, 2, 442, 362),
(363, 2, 442, 363),
(364, 2, 442, 364),
(365, 3, 442, 365),
(366, 2, 442, 366),
(367, 2, 442, 367),
(368, 3, 442, 368),
(369, 2, 442, 369),
(370, 2, 442, 370),
(371, 2, 442, 371),
(372, 2, 442, 372),
(373, 2, 442, 373),
(374, 3, 442, 374),
(375, 2, 442, 375),
(376, 3, 442, 376),
(377, 3, 442, 377),
(378, 2, 442, 378),
(379, 3, 442, 379),
(380, 2, 442, 380),
(381, 3, 442, 381),
(382, 2, 442, 382),
(383, 3, 442, 383),
(384, 2, 442, 384),
(385, 3, 442, 385),
(386, 2, 442, 386),
(387, 2, 442, 387),
(388, 2, 442, 388),
(389, 2, 442, 389),
(390, 2, 442, 390),
(391, 2, 442, 391),
(392, 2, 442, 392),
(393, 3, 442, 393),
(394, 3, 442, 394),
(395, 2, 442, 395),
(396, 4, 442, 396),
(397, 3, 442, 397),
(398, 3, 442, 398),
(399, 3, 442, 399),
(400, 2, 442, 400),
(401, 2, 442, 401),
(402, 2, 442, 402),
(403, 2, 442, 403),
(404, 2, 442, 404),
(405, 2, 442, 405),
(406, 2, 442, 406),
(407, 2, 442, 407),
(408, 3, 442, 408),
(409, 3, 442, 409),
(410, 2, 442, 410),
(411, 3, 442, 411),
(412, 2, 442, 412),
(413, 2, 442, 413),
(414, 1, 442, 414),
(415, 1, 442, 415),
(416, 2, 442, 416),
(417, 3, 442, 417),
(418, 1, 442, 418),
(419, 1, 442, 419),
(420, 2, 442, 420),
(421, 3, 442, 421),
(422, 3, 442, 422),
(423, 2, 442, 423),
(424, 3, 442, 424),
(425, 3, 442, 425),
(426, 2, 442, 426),
(427, 3, 442, 427),
(428, 2, 442, 428),
(429, 2, 442, 429),
(430, 2, 442, 430),
(431, 2, 442, 431),
(432, 1, 442, 432),
(433, 2, 442, 433),
(434, 2, 442, 434),
(435, 2, 442, 435),
(436, 2, 442, 436),
(437, 2, 442, 437),
(438, 2, 442, 438),
(439, 2, 442, 439),
(440, 2, 442, 440),
(441, 3, 442, 441),
(442, 5, 442, 442),
(443, 3, 442, 443),
(444, 3, 442, 444),
(445, 3, 442, 445),
(446, 2, 442, 446),
(447, 3, 442, 447),
(448, 4, 442, 448),
(449, 2, 442, 449),
(450, 2, 442, 450),
(451, 3, 442, 451),
(452, 2, 442, 452),
(453, 2, 442, 453),
(454, 1, 442, 454),
(455, 2, 442, 455),
(456, 2, 442, 456),
(457, 2, 442, 457),
(458, 1, 442, 458),
(459, 2, 442, 459),
(460, 2, 442, 460),
(461, 3, 442, 461),
(462, 2, 442, 462),
(463, 2, 442, 463),
(464, 2, 442, 464),
(465, 2, 442, 465),
(466, 2, 442, 466),
(467, 2, 442, 467),
(468, 2, 442, 468),
(469, 3, 442, 469),
(470, 1, 442, 470),
(471, 3, 442, 471),
(472, 2, 442, 472),
(473, 2, 442, 473),
(474, 2, 442, 474),
(475, 1, 442, 475),
(476, 3, 442, 476),
(477, 3, 442, 477),
(478, 3, 442, 478),
(479, 2, 442, 479),
(480, 2, 442, 480),
(481, 2, 442, 481),
(482, 4, 442, 482),
(483, 2, 442, 483),
(484, 2, 442, 484),
(485, 2, 442, 485),
(486, 2, 442, 486),
(487, 2, 442, 487),
(488, 4, 442, 488),
(489, 2, 442, 489),
(490, 2, 442, 490),
(491, 3, 442, 491),
(492, 2, 442, 492),
(493, 2, 442, 493),
(494, 2, 442, 494),
(495, 1, 442, 495),
(496, 2, 442, 496),
(497, 2, 442, 497),
(498, 3, 442, 498),
(499, 2, 442, 499),
(500, 2, 442, 500),
(501, 2, 442, 501),
(502, 2, 442, 502),
(503, 3, 442, 503),
(504, 2, 442, 504),
(505, 2, 442, 505),
(506, 3, 442, 506),
(507, 2, 442, 507),
(508, 3, 442, 508),
(509, 2, 442, 509),
(510, 2, 442, 510),
(511, 2, 442, 511),
(512, 3, 442, 512),
(513, 3, 442, 513),
(514, 2, 442, 514),
(515, 2, 442, 515),
(516, 1, 442, 516),
(517, 2, 442, 517),
(518, 2, 442, 518),
(519, 3, 442, 519),
(520, 2, 442, 520),
(521, 2, 442, 521),
(522, 2, 442, 522),
(523, 2, 442, 523),
(524, 2, 442, 524),
(525, 1, 442, 525),
(526, 2, 442, 526),
(527, 2, 442, 527),
(528, 2, 442, 528),
(529, 2, 442, 529),
(530, 2, 442, 530),
(531, 2, 442, 531),
(532, 3, 442, 532),
(533, 2, 442, 533),
(534, 3, 442, 534),
(535, 2, 442, 535),
(536, 2, 442, 536),
(537, 2, 442, 537),
(538, 2, 442, 538),
(539, 2, 442, 539),
(540, 1, 442, 540),
(541, 1, 442, 541),
(542, 4, 442, 542),
(543, 2, 442, 543),
(544, 2, 442, 544),
(545, 2, 442, 545),
(546, 2, 442, 546),
(547, 2, 442, 547),
(548, 3, 442, 548),
(549, 3, 442, 549),
(550, 3, 442, 550),
(551, 4, 442, 551),
(552, 3, 442, 552),
(553, 2, 442, 553),
(554, 2, 442, 554),
(555, 1, 442, 555),
(556, 2, 442, 556),
(557, 2, 442, 557),
(558, 2, 442, 558),
(559, 2, 442, 559),
(560, 2, 442, 560),
(561, 3, 442, 561),
(562, 2, 442, 562),
(563, 2, 442, 563),
(564, 3, 442, 564),
(565, 2, 442, 565),
(566, 2, 442, 566),
(567, 3, 442, 567),
(568, 2, 442, 568),
(569, 2, 442, 569),
(570, 3, 442, 570),
(571, 2, 442, 571),
(572, 1, 442, 572),
(573, 3, 442, 573),
(574, 2, 442, 574),
(575, 2, 442, 575),
(576, 2, 442, 576),
(577, 3, 442, 577),
(578, 3, 442, 578),
(579, 3, 442, 579),
(580, 2, 442, 580),
(581, 2, 442, 581),
(582, 1, 442, 582),
(583, 3, 442, 583),
(584, 3, 442, 584),
(585, 3, 442, 585),
(586, 1, 442, 586),
(587, 3, 442, 587),
(588, 2, 442, 588),
(589, 2, 442, 589),
(590, 2, 442, 590),
(591, 2, 442, 591),
(592, 2, 442, 592),
(593, 2, 442, 593),
(594, 2, 442, 594),
(595, 3, 442, 595),
(596, 2, 442, 596),
(597, 3, 442, 597),
(598, 2, 442, 598),
(599, 2, 442, 599),
(600, 2, 442, 600),
(601, 2, 442, 601),
(602, 2, 442, 602),
(603, 2, 442, 603),
(604, 1, 442, 604),
(605, 2, 442, 605),
(606, 2, 442, 606),
(607, 3, 442, 607),
(608, 1, 442, 608),
(609, 2, 442, 609),
(610, 2, 442, 610),
(611, 2, 442, 611),
(612, 2, 442, 612),
(613, 2, 442, 613),
(614, 2, 442, 614),
(615, 3, 442, 615),
(616, 2, 442, 616),
(617, 2, 442, 617),
(618, 3, 442, 618),
(619, 2, 442, 619),
(620, 3, 442, 620),
(621, 2, 442, 621),
(622, 2, 442, 622),
(623, 2, 442, 623),
(624, 2, 442, 624),
(625, 2, 442, 625),
(626, 1, 442, 626),
(627, 2, 442, 627),
(628, 2, 442, 628),
(629, 2, 442, 629),
(630, 2, 442, 630),
(631, 2, 442, 631),
(632, 2, 442, 632),
(633, 2, 442, 633),
(634, 2, 442, 634),
(635, 1, 442, 635),
(636, 2, 442, 636),
(637, 2, 442, 637),
(638, 2, 442, 638),
(639, 2, 442, 639),
(640, 3, 442, 640),
(641, 2, 442, 641),
(642, 2, 442, 642),
(643, 3, 442, 643),
(644, 3, 442, 644),
(645, 2, 442, 645),
(646, 2, 442, 646),
(647, 2, 442, 647),
(648, 2, 442, 648),
(649, 3, 442, 649),
(650, 3, 442, 650),
(651, 3, 442, 651),
(652, 3, 442, 652),
(653, 2, 442, 653),
(654, 2, 442, 654),
(655, 2, 442, 655),
(656, 2, 442, 656),
(657, 2, 442, 657),
(658, 3, 442, 658),
(659, 2, 442, 659),
(660, 2, 442, 660),
(661, 2, 442, 661),
(662, 2, 442, 662),
(663, 1, 442, 663),
(664, 1, 442, 664),
(665, 3, 442, 665),
(666, 2, 442, 666),
(667, 3, 442, 667),
(668, 3, 442, 668),
(669, 3, 442, 669),
(670, 3, 442, 670),
(671, 2, 442, 671),
(672, 2, 442, 672),
(673, 1, 442, 673),
(674, 3, 442, 674),
(675, 3, 442, 675),
(676, 2, 442, 676),
(677, 3, 442, 677),
(678, 2, 442, 678),
(679, 3, 442, 679),
(680, 3, 442, 680),
(681, 2, 442, 681),
(682, 2, 442, 682),
(683, 2, 442, 683),
(684, 3, 442, 684),
(685, 2, 442, 685),
(686, 2, 442, 686),
(687, 2, 442, 687),
(688, 3, 442, 688),
(689, 2, 442, 689),
(690, 2, 442, 690),
(691, 2, 442, 691),
(692, 2, 442, 692),
(693, 2, 442, 693),
(694, 2, 442, 694),
(695, 3, 442, 695),
(696, 2, 442, 696),
(697, 2, 442, 697),
(698, 2, 442, 698),
(699, 1, 442, 699),
(700, 2, 442, 700),
(701, 2, 442, 701),
(702, 2, 442, 702),
(703, 2, 442, 703),
(704, 3, 442, 704),
(705, 2, 442, 705),
(706, 2, 442, 706),
(707, 2, 442, 707),
(708, 2, 442, 708),
(709, 2, 442, 709),
(710, 2, 442, 710),
(711, 1, 442, 711),
(712, 2, 442, 712),
(713, 2, 442, 713),
(714, 3, 442, 714),
(715, 2, 442, 715),
(716, 2, 442, 716),
(717, 1, 442, 717),
(718, 2, 442, 718),
(719, 2, 442, 719),
(720, 2, 442, 720),
(721, 2, 442, 721),
(722, 2, 442, 722),
(723, 2, 442, 723),
(724, 2, 442, 724),
(725, 2, 442, 725),
(726, 2, 442, 726),
(727, 2, 442, 727),
(728, 2, 442, 728),
(729, 3, 442, 729),
(730, 2, 442, 730),
(731, 2, 442, 731),
(732, 2, 442, 732),
(733, 3, 442, 733),
(734, 3, 442, 734),
(735, 2, 442, 735),
(736, 2, 442, 736),
(737, 2, 442, 737);

-- --------------------------------------------------------

--
-- Estructura de tabla para la tabla `shippinginfo`
--

CREATE TABLE `shippinginfo` (
  `idshipinfo` varchar(45) NOT NULL,
  `city_idcity` int(11) NOT NULL,
  `address_shippinginfo` varchar(100) NOT NULL,
  `neighborhood_shippinginfo` varchar(45) NOT NULL,
  `name_shippinginfo` varchar(45) NOT NULL,
  `surname_shippinginfo` varchar(45) NOT NULL,
  `typeid_shippinginfo` varchar(45) NOT NULL,
  `number_id_shippinginfo` varchar(45) NOT NULL,
  `number_phone_shippinginfo` varchar(45) NOT NULL,
  `email_shippinginfo` varchar(45) NOT NULL
) ENGINE=InnoDB DEFAULT CHARSET=utf8mb4;

-- --------------------------------------------------------

--
-- Estructura de tabla para la tabla `size`
--

CREATE TABLE `size` (
  `idsize` varchar(45) NOT NULL,
  `description_size` varchar(100) NOT NULL
) ENGINE=InnoDB DEFAULT CHARSET=utf8;

--
-- Volcado de datos para la tabla `size`
--

INSERT INTO `size` (`idsize`, `description_size`) VALUES
('0', '0'),
('10', '10'),
('12', '12'),
('14', '14'),
('16', '16'),
('19', '19'),
('2', '2'),
('20', '20'),
('21', '21'),
('22', '22'),
('23', '23'),
('24', '24'),
('25', '25'),
('26', '26'),
('27', '27'),
('28', '28'),
('29', '29'),
('30', '30'),
('31', '31'),
('32', '32'),
('33', '33'),
('34', '34'),
('35', '35'),
('36', '36'),
('37', '37'),
('38', '38'),
('39', '39'),
('4', '4'),
('40', '40'),
('41', '41'),
('42', '42'),
('43', '43'),
('44', '44'),
('45', '45'),
('6', '6'),
('8', '8'),
('GRANDE', 'GRANDE'),
('L', 'L'),
('M', 'M'),
('MEDIANA', 'MEDIANA'),
('PEQUENO', 'PEQUEÑO'),
('S', 'S'),
('XL', 'XL'),
('XS', 'XS'),
('XXL', 'XXL');

-- --------------------------------------------------------

--
-- Estructura de tabla para la tabla `transaction`
--

CREATE TABLE `transaction` (
  `idtransaction` varchar(45) NOT NULL,
  `reference_sale` varchar(45) DEFAULT NULL,
  `state_pol` varchar(45) DEFAULT NULL,
  `reference_pol` varchar(45) DEFAULT NULL,
  `value` varchar(45) DEFAULT NULL,
  `transaction_date` varchar(45) DEFAULT NULL,
  `cus` varchar(45) DEFAULT NULL,
  `pse_bank` varchar(45) DEFAULT NULL,
  `ip` varchar(45) DEFAULT NULL,
  `payment_method_id` varchar(45) DEFAULT NULL,
  `response_message_pol` varchar(45) DEFAULT NULL,
  `payment_method_name` varchar(45) DEFAULT NULL,
  `sign` varchar(45) DEFAULT NULL,
  `key_sign` varchar(45) DEFAULT NULL
) ENGINE=InnoDB DEFAULT CHARSET=latin1;

-- --------------------------------------------------------

--
-- Estructura de tabla para la tabla `typejourney`
--

CREATE TABLE `typejourney` (
  `idtypejourney` int(11) NOT NULL,
  `name_typejourney` varchar(45) NOT NULL,
  `price_typejourney` int(11) NOT NULL
) ENGINE=InnoDB DEFAULT CHARSET=utf8mb4;

--
-- Volcado de datos para la tabla `typejourney`
--

INSERT INTO `typejourney` (`idtypejourney`, `name_typejourney`, `price_typejourney`) VALUES
(1, 'ZONAL', 8000),
(2, 'NACIONAL', 10600),
(3, 'ESPECIAL', 21000),
(4, 'SUPER ESPECIAL', 40000),
(5, 'LOCAL', 3000);

--
-- Índices para tablas volcadas
--

--
-- Indices de la tabla `administrator`
--
ALTER TABLE `administrator`
  ADD PRIMARY KEY (`idadministrator`);

--
-- Indices de la tabla `category`
--
ALTER TABLE `category`
  ADD PRIMARY KEY (`idcategory`);

--
-- Indices de la tabla `category_has_size`
--
ALTER TABLE `category_has_size`
  ADD PRIMARY KEY (`category_idcategory`,`size_idsize`),
  ADD KEY `fk_category_has_size_size1` (`size_idsize`);

--
-- Indices de la tabla `city`
--
ALTER TABLE `city`
  ADD PRIMARY KEY (`idcity`),
  ADD KEY `department_city` (`department_city`) USING BTREE;

--
-- Indices de la tabla `department`
--
ALTER TABLE `department`
  ADD PRIMARY KEY (`iddepartment`);

--
-- Indices de la tabla `order`
--
ALTER TABLE `order`
  ADD PRIMARY KEY (`reference_order`),
  ADD KEY `fk_order_shippinginfo1` (`shippinginfo_idshipinfo`);

--
-- Indices de la tabla `orderdetails`
--
ALTER TABLE `orderdetails`
  ADD PRIMARY KEY (`id`),
  ADD KEY `fk_orderdetails_order1` (`order_reference_order`),
  ADD KEY `fk_orderdetails_product1` (`product_reference`,`product_category_idcategory`);

--
-- Indices de la tabla `product`
--
ALTER TABLE `product`
  ADD PRIMARY KEY (`reference`,`category_idcategory`),
  ADD KEY `fk_product_category` (`category_idcategory`);

--
-- Indices de la tabla `servientrega`
--
ALTER TABLE `servientrega`
  ADD PRIMARY KEY (`idjourney`),
  ADD KEY `fk_servientrega_typejourney` (`typejourney_idtypejourney`),
  ADD KEY `fk_servientrega_city1` (`city_idcity_origin`),
  ADD KEY `fk_servientrega_city2` (`city_idcity_destination`);

--
-- Indices de la tabla `shippinginfo`
--
ALTER TABLE `shippinginfo`
  ADD PRIMARY KEY (`idshipinfo`),
  ADD KEY `fk_shippinginformation_city1` (`city_idcity`);

--
-- Indices de la tabla `size`
--
ALTER TABLE `size`
  ADD PRIMARY KEY (`idsize`);

--
-- Indices de la tabla `transaction`
--
ALTER TABLE `transaction`
  ADD PRIMARY KEY (`idtransaction`);

--
-- Indices de la tabla `typejourney`
--
ALTER TABLE `typejourney`
  ADD PRIMARY KEY (`idtypejourney`);

--
-- AUTO_INCREMENT de las tablas volcadas
--

--
-- AUTO_INCREMENT de la tabla `orderdetails`
--
ALTER TABLE `orderdetails`
  MODIFY `id` int(11) NOT NULL AUTO_INCREMENT;

--
-- AUTO_INCREMENT de la tabla `typejourney`
--
ALTER TABLE `typejourney`
  MODIFY `idtypejourney` int(11) NOT NULL AUTO_INCREMENT, AUTO_INCREMENT=6;

--
-- Restricciones para tablas volcadas
--

--
-- Filtros para la tabla `category_has_size`
--
ALTER TABLE `category_has_size`
  ADD CONSTRAINT `fk_category_has_size_category1` FOREIGN KEY (`category_idcategory`) REFERENCES `category` (`idcategory`),
  ADD CONSTRAINT `fk_category_has_size_size1` FOREIGN KEY (`size_idsize`) REFERENCES `size` (`idsize`);

--
-- Filtros para la tabla `city`
--
ALTER TABLE `city`
  ADD CONSTRAINT `city_ibfk_1` FOREIGN KEY (`department_city`) REFERENCES `department` (`iddepartment`);

--
-- Filtros para la tabla `order`
--
ALTER TABLE `order`
  ADD CONSTRAINT `fk_order_shippinginfo1` FOREIGN KEY (`shippinginfo_idshipinfo`) REFERENCES `shippinginfo` (`idshipinfo`);

--
-- Filtros para la tabla `orderdetails`
--
ALTER TABLE `orderdetails`
  ADD CONSTRAINT `fk_orderdetails_order1` FOREIGN KEY (`order_reference_order`) REFERENCES `order` (`reference_order`),
  ADD CONSTRAINT `fk_orderdetails_product1` FOREIGN KEY (`product_reference`,`product_category_idcategory`) REFERENCES `product` (`reference`, `category_idcategory`);

--
-- Filtros para la tabla `product`
--
ALTER TABLE `product`
  ADD CONSTRAINT `fk_product_category` FOREIGN KEY (`category_idcategory`) REFERENCES `category` (`idcategory`);

--
-- Filtros para la tabla `servientrega`
--
ALTER TABLE `servientrega`
  ADD CONSTRAINT `fk_servientrega_city1` FOREIGN KEY (`city_idcity_origin`) REFERENCES `city` (`idcity`),
  ADD CONSTRAINT `fk_servientrega_city2` FOREIGN KEY (`city_idcity_destination`) REFERENCES `city` (`idcity`),
  ADD CONSTRAINT `fk_servientrega_typejourney` FOREIGN KEY (`typejourney_idtypejourney`) REFERENCES `typejourney` (`idtypejourney`);

--
-- Filtros para la tabla `shippinginfo`
--
ALTER TABLE `shippinginfo`
  ADD CONSTRAINT `fk_shippinginformation_city1` FOREIGN KEY (`city_idcity`) REFERENCES `city` (`idcity`) ON DELETE NO ACTION ON UPDATE NO ACTION;
COMMIT;

/*!40101 SET CHARACTER_SET_CLIENT=@OLD_CHARACTER_SET_CLIENT */;
/*!40101 SET CHARACTER_SET_RESULTS=@OLD_CHARACTER_SET_RESULTS */;
/*!40101 SET COLLATION_CONNECTION=@OLD_COLLATION_CONNECTION */;
